Copyright 1986-2022 Xilinx, Inc. All Rights Reserved. Copyright 2022-2023 Advanced Micro Devices, Inc. All Rights Reserved.
------------------------------------------------------------------------------------------------------------------------------------------------------------------------------------------------------------------------------
| Tool Version : Vivado v.2023.2 (win64) Build 4029153 Fri Oct 13 20:14:34 MDT 2023
| Date         : Mon Sep 14 19:11:45 2026
| Host         : Jamtop running 64-bit major release  (build 9200)
| Command      : report_timing_summary -max_paths 10 -report_unconstrained -file rgb_led_top_timing_summary_routed.rpt -pb rgb_led_top_timing_summary_routed.pb -rpx rgb_led_top_timing_summary_routed.rpx -warn_on_violation
| Design       : rgb_led_top
| Device       : 7z010-clg400
| Speed File   : -1  PRODUCTION 1.12 2019-11-22
| Design State : Routed
------------------------------------------------------------------------------------------------------------------------------------------------------------------------------------------------------------------------------

Timing Summary Report

------------------------------------------------------------------------------------------------
| Timer Settings
| --------------
------------------------------------------------------------------------------------------------

  Enable Multi Corner Analysis               :  Yes
  Enable Pessimism Removal                   :  Yes
  Pessimism Removal Resolution               :  Nearest Common Node
  Enable Input Delay Default Clock           :  No
  Enable Preset / Clear Arcs                 :  No
  Disable Flight Delays                      :  No
  Ignore I/O Paths                           :  No
  Timing Early Launch at Borrowing Latches   :  No
  Borrow Time for Max Delay Exceptions       :  Yes
  Merge Timing Exceptions                    :  Yes
  Inter-SLR Compensation                     :  Conservative

  Corner  Analyze    Analyze    
  Name    Max Paths  Min Paths  
  ------  ---------  ---------  
  Slow    Yes        Yes        
  Fast    Yes        Yes        


------------------------------------------------------------------------------------------------
| Report Methodology
| ------------------
------------------------------------------------------------------------------------------------

Rule       Severity  Description                    Violations  
---------  --------  -----------------------------  ----------  
TIMING-18  Warning   Missing input or output delay  7           

Note: This report is based on the most recent report_methodology run and may not be up-to-date. Run report_methodology on the current design for the latest report.



check_timing report

Table of Contents
-----------------
1. checking no_clock (0)
2. checking constant_clock (0)
3. checking pulse_width_clock (0)
4. checking unconstrained_internal_endpoints (0)
5. checking no_input_delay (4)
6. checking no_output_delay (3)
7. checking multiple_clock (0)
8. checking generated_clocks (0)
9. checking loops (0)
10. checking partial_input_delay (0)
11. checking partial_output_delay (0)
12. checking latch_loops (0)

1. checking no_clock (0)
------------------------
 There are 0 register/latch pins with no clock.


2. checking constant_clock (0)
------------------------------
 There are 0 register/latch pins with constant_clock.


3. checking pulse_width_clock (0)
---------------------------------
 There are 0 register/latch pins which need pulse_width check


4. checking unconstrained_internal_endpoints (0)
------------------------------------------------
 There are 0 pins that are not constrained for maximum delay.

 There are 0 pins that are not constrained for maximum delay due to constant clock.


5. checking no_input_delay (4)
------------------------------
 There are 4 input ports with no input delay specified. (HIGH)

 There are 0 input ports with no input delay but user has a false path constraint.


6. checking no_output_delay (3)
-------------------------------
 There are 3 ports with no output delay specified. (HIGH)

 There are 0 ports with no output delay but user has a false path constraint

 There are 0 ports with no output delay but with a timing clock defined on it or propagating through it


7. checking multiple_clock (0)
------------------------------
 There are 0 register/latch pins with multiple clocks.


8. checking generated_clocks (0)
--------------------------------
 There are 0 generated clocks that are not connected to a clock source.


9. checking loops (0)
---------------------
 There are 0 combinational loops in the design.


10. checking partial_input_delay (0)
------------------------------------
 There are 0 input ports with partial input delay specified.


11. checking partial_output_delay (0)
-------------------------------------
 There are 0 ports with partial output delay specified.


12. checking latch_loops (0)
----------------------------
 There are 0 combinational latch loops in the design through latch input



------------------------------------------------------------------------------------------------
| Design Timing Summary
| ---------------------
------------------------------------------------------------------------------------------------

    WNS(ns)      TNS(ns)  TNS Failing Endpoints  TNS Total Endpoints      WHS(ns)      THS(ns)  THS Failing Endpoints  THS Total Endpoints     WPWS(ns)     TPWS(ns)  TPWS Failing Endpoints  TPWS Total Endpoints  
    -------      -------  ---------------------  -------------------      -------      -------  ---------------------  -------------------     --------     --------  ----------------------  --------------------  
      4.193        0.000                      0                   53        0.262        0.000                      0                   53        3.500        0.000                       0                    28  


All user specified timing constraints are met.


------------------------------------------------------------------------------------------------
| Clock Summary
| -------------
------------------------------------------------------------------------------------------------

Clock        Waveform(ns)         Period(ns)      Frequency(MHz)
-----        ------------         ----------      --------------
sys_clk_pin  {0.000 4.000}        8.000           125.000         


------------------------------------------------------------------------------------------------
| Intra Clock Table
| -----------------
------------------------------------------------------------------------------------------------

Clock             WNS(ns)      TNS(ns)  TNS Failing Endpoints  TNS Total Endpoints      WHS(ns)      THS(ns)  THS Failing Endpoints  THS Total Endpoints     WPWS(ns)     TPWS(ns)  TPWS Failing Endpoints  TPWS Total Endpoints  
-----             -------      -------  ---------------------  -------------------      -------      -------  ---------------------  -------------------     --------     --------  ----------------------  --------------------  
sys_clk_pin         4.193        0.000                      0                   53        0.262        0.000                      0                   53        3.500        0.000                       0                    28  


------------------------------------------------------------------------------------------------
| Inter Clock Table
| -----------------
------------------------------------------------------------------------------------------------

From Clock    To Clock          WNS(ns)      TNS(ns)  TNS Failing Endpoints  TNS Total Endpoints      WHS(ns)      THS(ns)  THS Failing Endpoints  THS Total Endpoints  
----------    --------          -------      -------  ---------------------  -------------------      -------      -------  ---------------------  -------------------  


------------------------------------------------------------------------------------------------
| Other Path Groups Table
| -----------------------
------------------------------------------------------------------------------------------------

Path Group    From Clock    To Clock          WNS(ns)      TNS(ns)  TNS Failing Endpoints  TNS Total Endpoints      WHS(ns)      THS(ns)  THS Failing Endpoints  THS Total Endpoints  
----------    ----------    --------          -------      -------  ---------------------  -------------------      -------      -------  ---------------------  -------------------  


------------------------------------------------------------------------------------------------
| User Ignored Path Table
| -----------------------
------------------------------------------------------------------------------------------------

Path Group    From Clock    To Clock    
----------    ----------    --------    


------------------------------------------------------------------------------------------------
| Unconstrained Path Table
| ------------------------
------------------------------------------------------------------------------------------------

Path Group    From Clock    To Clock    
----------    ----------    --------    
(none)                                    
(none)        sys_clk_pin                 
(none)                      sys_clk_pin   


------------------------------------------------------------------------------------------------
| Timing Details
| --------------
------------------------------------------------------------------------------------------------


---------------------------------------------------------------------------------------------------
From Clock:  sys_clk_pin
  To Clock:  sys_clk_pin

Setup :            0  Failing Endpoints,  Worst Slack        4.193ns,  Total Violation        0.000ns
Hold  :            0  Failing Endpoints,  Worst Slack        0.262ns,  Total Violation        0.000ns
PW    :            0  Failing Endpoints,  Worst Slack        3.500ns,  Total Violation        0.000ns
---------------------------------------------------------------------------------------------------


Max Delay Paths
--------------------------------------------------------------------------------------
Slack (MET) :             4.193ns  (required time - arrival time)
  Source:                 led_blinking_unit/counter_reg[24]/C
                            (rising edge-triggered cell FDRE clocked by sys_clk_pin  {rise@0.000ns fall@4.000ns period=8.000ns})
  Destination:            led_blinking_unit/counter_reg[12]/R
                            (rising edge-triggered cell FDRE clocked by sys_clk_pin  {rise@0.000ns fall@4.000ns period=8.000ns})
  Path Group:             sys_clk_pin
  Path Type:              Setup (Max at Slow Process Corner)
  Requirement:            8.000ns  (sys_clk_pin rise@8.000ns - sys_clk_pin rise@0.000ns)
  Data Path Delay:        3.316ns  (logic 0.828ns (24.969%)  route 2.488ns (75.031%))
  Logic Levels:           3  (LUT4=1 LUT5=1 LUT6=1)
  Clock Path Skew:        -0.026ns (DCD - SCD + CPR)
    Destination Clock Delay (DCD):    4.970ns = ( 12.970 - 8.000 ) 
    Source Clock Delay      (SCD):    5.426ns
    Clock Pessimism Removal (CPR):    0.429ns
  Clock Uncertainty:      0.035ns  ((TSJ^2 + TIJ^2)^1/2 + DJ) / 2 + PE
    Total System Jitter     (TSJ):    0.071ns
    Total Input Jitter      (TIJ):    0.000ns
    Discrete Jitter          (DJ):    0.000ns
    Phase Error              (PE):    0.000ns

    Location             Delay type                Incr(ns)  Path(ns)    Netlist Resource(s)
  -------------------------------------------------------------------    -------------------
                         (clock sys_clk_pin rise edge)
                                                      0.000     0.000 r  
    K17                                               0.000     0.000 r  sys_clk (IN)
                         net (fo=0)                   0.000     0.000    sys_clk
    K17                  IBUF (Prop_ibuf_I_O)         1.492     1.492 r  sys_clk_IBUF_inst/O
                         net (fo=1, routed)           2.076     3.568    sys_clk_IBUF
    BUFGCTRL_X0Y16       BUFG (Prop_bufg_I_O)         0.101     3.669 r  sys_clk_IBUF_BUFG_inst/O
                         net (fo=27, routed)          1.757     5.426    led_blinking_unit/sys_clk
    SLICE_X43Y44         FDRE                                         r  led_blinking_unit/counter_reg[24]/C
  -------------------------------------------------------------------    -------------------
    SLICE_X43Y44         FDRE (Prop_fdre_C_Q)         0.456     5.882 r  led_blinking_unit/counter_reg[24]/Q
                         net (fo=2, routed)           0.986     6.868    led_blinking_unit/counter_reg[24]
    SLICE_X42Y41         LUT4 (Prop_lut4_I0_O)        0.124     6.992 f  led_blinking_unit/counter[0]_i_9/O
                         net (fo=1, routed)           0.670     7.662    led_blinking_unit/counter[0]_i_9_n_0
    SLICE_X42Y41         LUT6 (Prop_lut6_I4_O)        0.124     7.786 r  led_blinking_unit/counter[0]_i_3/O
                         net (fo=2, routed)           0.172     7.958    led_blinking_unit/led_toggle
    SLICE_X42Y41         LUT5 (Prop_lut5_I4_O)        0.124     8.082 r  led_blinking_unit/counter[0]_i_1/O
                         net (fo=26, routed)          0.660     8.742    led_blinking_unit/counter[0]_i_1_n_0
    SLICE_X43Y41         FDRE                                         r  led_blinking_unit/counter_reg[12]/R
  -------------------------------------------------------------------    -------------------

                         (clock sys_clk_pin rise edge)
                                                      8.000     8.000 r  
    K17                                               0.000     8.000 r  sys_clk (IN)
                         net (fo=0)                   0.000     8.000    sys_clk
    K17                  IBUF (Prop_ibuf_I_O)         1.421     9.421 r  sys_clk_IBUF_inst/O
                         net (fo=1, routed)           1.880    11.301    sys_clk_IBUF
    BUFGCTRL_X0Y16       BUFG (Prop_bufg_I_O)         0.091    11.392 r  sys_clk_IBUF_BUFG_inst/O
                         net (fo=27, routed)          1.578    12.970    led_blinking_unit/sys_clk
    SLICE_X43Y41         FDRE                                         r  led_blinking_unit/counter_reg[12]/C
                         clock pessimism              0.429    13.400    
                         clock uncertainty           -0.035    13.364    
    SLICE_X43Y41         FDRE (Setup_fdre_C_R)       -0.429    12.935    led_blinking_unit/counter_reg[12]
  -------------------------------------------------------------------
                         required time                         12.935    
                         arrival time                          -8.742    
  -------------------------------------------------------------------
                         slack                                  4.193    

Slack (MET) :             4.193ns  (required time - arrival time)
  Source:                 led_blinking_unit/counter_reg[24]/C
                            (rising edge-triggered cell FDRE clocked by sys_clk_pin  {rise@0.000ns fall@4.000ns period=8.000ns})
  Destination:            led_blinking_unit/counter_reg[13]/R
                            (rising edge-triggered cell FDRE clocked by sys_clk_pin  {rise@0.000ns fall@4.000ns period=8.000ns})
  Path Group:             sys_clk_pin
  Path Type:              Setup (Max at Slow Process Corner)
  Requirement:            8.000ns  (sys_clk_pin rise@8.000ns - sys_clk_pin rise@0.000ns)
  Data Path Delay:        3.316ns  (logic 0.828ns (24.969%)  route 2.488ns (75.031%))
  Logic Levels:           3  (LUT4=1 LUT5=1 LUT6=1)
  Clock Path Skew:        -0.026ns (DCD - SCD + CPR)
    Destination Clock Delay (DCD):    4.970ns = ( 12.970 - 8.000 ) 
    Source Clock Delay      (SCD):    5.426ns
    Clock Pessimism Removal (CPR):    0.429ns
  Clock Uncertainty:      0.035ns  ((TSJ^2 + TIJ^2)^1/2 + DJ) / 2 + PE
    Total System Jitter     (TSJ):    0.071ns
    Total Input Jitter      (TIJ):    0.000ns
    Discrete Jitter          (DJ):    0.000ns
    Phase Error              (PE):    0.000ns

    Location             Delay type                Incr(ns)  Path(ns)    Netlist Resource(s)
  -------------------------------------------------------------------    -------------------
                         (clock sys_clk_pin rise edge)
                                                      0.000     0.000 r  
    K17                                               0.000     0.000 r  sys_clk (IN)
                         net (fo=0)                   0.000     0.000    sys_clk
    K17                  IBUF (Prop_ibuf_I_O)         1.492     1.492 r  sys_clk_IBUF_inst/O
                         net (fo=1, routed)           2.076     3.568    sys_clk_IBUF
    BUFGCTRL_X0Y16       BUFG (Prop_bufg_I_O)         0.101     3.669 r  sys_clk_IBUF_BUFG_inst/O
                         net (fo=27, routed)          1.757     5.426    led_blinking_unit/sys_clk
    SLICE_X43Y44         FDRE                                         r  led_blinking_unit/counter_reg[24]/C
  -------------------------------------------------------------------    -------------------
    SLICE_X43Y44         FDRE (Prop_fdre_C_Q)         0.456     5.882 r  led_blinking_unit/counter_reg[24]/Q
                         net (fo=2, routed)           0.986     6.868    led_blinking_unit/counter_reg[24]
    SLICE_X42Y41         LUT4 (Prop_lut4_I0_O)        0.124     6.992 f  led_blinking_unit/counter[0]_i_9/O
                         net (fo=1, routed)           0.670     7.662    led_blinking_unit/counter[0]_i_9_n_0
    SLICE_X42Y41         LUT6 (Prop_lut6_I4_O)        0.124     7.786 r  led_blinking_unit/counter[0]_i_3/O
                         net (fo=2, routed)           0.172     7.958    led_blinking_unit/led_toggle
    SLICE_X42Y41         LUT5 (Prop_lut5_I4_O)        0.124     8.082 r  led_blinking_unit/counter[0]_i_1/O
                         net (fo=26, routed)          0.660     8.742    led_blinking_unit/counter[0]_i_1_n_0
    SLICE_X43Y41         FDRE                                         r  led_blinking_unit/counter_reg[13]/R
  -------------------------------------------------------------------    -------------------

                         (clock sys_clk_pin rise edge)
                                                      8.000     8.000 r  
    K17                                               0.000     8.000 r  sys_clk (IN)
                         net (fo=0)                   0.000     8.000    sys_clk
    K17                  IBUF (Prop_ibuf_I_O)         1.421     9.421 r  sys_clk_IBUF_inst/O
                         net (fo=1, routed)           1.880    11.301    sys_clk_IBUF
    BUFGCTRL_X0Y16       BUFG (Prop_bufg_I_O)         0.091    11.392 r  sys_clk_IBUF_BUFG_inst/O
                         net (fo=27, routed)          1.578    12.970    led_blinking_unit/sys_clk
    SLICE_X43Y41         FDRE                                         r  led_blinking_unit/counter_reg[13]/C
                         clock pessimism              0.429    13.400    
                         clock uncertainty           -0.035    13.364    
    SLICE_X43Y41         FDRE (Setup_fdre_C_R)       -0.429    12.935    led_blinking_unit/counter_reg[13]
  -------------------------------------------------------------------
                         required time                         12.935    
                         arrival time                          -8.742    
  -------------------------------------------------------------------
                         slack                                  4.193    

Slack (MET) :             4.193ns  (required time - arrival time)
  Source:                 led_blinking_unit/counter_reg[24]/C
                            (rising edge-triggered cell FDRE clocked by sys_clk_pin  {rise@0.000ns fall@4.000ns period=8.000ns})
  Destination:            led_blinking_unit/counter_reg[14]/R
                            (rising edge-triggered cell FDRE clocked by sys_clk_pin  {rise@0.000ns fall@4.000ns period=8.000ns})
  Path Group:             sys_clk_pin
  Path Type:              Setup (Max at Slow Process Corner)
  Requirement:            8.000ns  (sys_clk_pin rise@8.000ns - sys_clk_pin rise@0.000ns)
  Data Path Delay:        3.316ns  (logic 0.828ns (24.969%)  route 2.488ns (75.031%))
  Logic Levels:           3  (LUT4=1 LUT5=1 LUT6=1)
  Clock Path Skew:        -0.026ns (DCD - SCD + CPR)
    Destination Clock Delay (DCD):    4.970ns = ( 12.970 - 8.000 ) 
    Source Clock Delay      (SCD):    5.426ns
    Clock Pessimism Removal (CPR):    0.429ns
  Clock Uncertainty:      0.035ns  ((TSJ^2 + TIJ^2)^1/2 + DJ) / 2 + PE
    Total System Jitter     (TSJ):    0.071ns
    Total Input Jitter      (TIJ):    0.000ns
    Discrete Jitter          (DJ):    0.000ns
    Phase Error              (PE):    0.000ns

    Location             Delay type                Incr(ns)  Path(ns)    Netlist Resource(s)
  -------------------------------------------------------------------    -------------------
                         (clock sys_clk_pin rise edge)
                                                      0.000     0.000 r  
    K17                                               0.000     0.000 r  sys_clk (IN)
                         net (fo=0)                   0.000     0.000    sys_clk
    K17                  IBUF (Prop_ibuf_I_O)         1.492     1.492 r  sys_clk_IBUF_inst/O
                         net (fo=1, routed)           2.076     3.568    sys_clk_IBUF
    BUFGCTRL_X0Y16       BUFG (Prop_bufg_I_O)         0.101     3.669 r  sys_clk_IBUF_BUFG_inst/O
                         net (fo=27, routed)          1.757     5.426    led_blinking_unit/sys_clk
    SLICE_X43Y44         FDRE                                         r  led_blinking_unit/counter_reg[24]/C
  -------------------------------------------------------------------    -------------------
    SLICE_X43Y44         FDRE (Prop_fdre_C_Q)         0.456     5.882 r  led_blinking_unit/counter_reg[24]/Q
                         net (fo=2, routed)           0.986     6.868    led_blinking_unit/counter_reg[24]
    SLICE_X42Y41         LUT4 (Prop_lut4_I0_O)        0.124     6.992 f  led_blinking_unit/counter[0]_i_9/O
                         net (fo=1, routed)           0.670     7.662    led_blinking_unit/counter[0]_i_9_n_0
    SLICE_X42Y41         LUT6 (Prop_lut6_I4_O)        0.124     7.786 r  led_blinking_unit/counter[0]_i_3/O
                         net (fo=2, routed)           0.172     7.958    led_blinking_unit/led_toggle
    SLICE_X42Y41         LUT5 (Prop_lut5_I4_O)        0.124     8.082 r  led_blinking_unit/counter[0]_i_1/O
                         net (fo=26, routed)          0.660     8.742    led_blinking_unit/counter[0]_i_1_n_0
    SLICE_X43Y41         FDRE                                         r  led_blinking_unit/counter_reg[14]/R
  -------------------------------------------------------------------    -------------------

                         (clock sys_clk_pin rise edge)
                                                      8.000     8.000 r  
    K17                                               0.000     8.000 r  sys_clk (IN)
                         net (fo=0)                   0.000     8.000    sys_clk
    K17                  IBUF (Prop_ibuf_I_O)         1.421     9.421 r  sys_clk_IBUF_inst/O
                         net (fo=1, routed)           1.880    11.301    sys_clk_IBUF
    BUFGCTRL_X0Y16       BUFG (Prop_bufg_I_O)         0.091    11.392 r  sys_clk_IBUF_BUFG_inst/O
                         net (fo=27, routed)          1.578    12.970    led_blinking_unit/sys_clk
    SLICE_X43Y41         FDRE                                         r  led_blinking_unit/counter_reg[14]/C
                         clock pessimism              0.429    13.400    
                         clock uncertainty           -0.035    13.364    
    SLICE_X43Y41         FDRE (Setup_fdre_C_R)       -0.429    12.935    led_blinking_unit/counter_reg[14]
  -------------------------------------------------------------------
                         required time                         12.935    
                         arrival time                          -8.742    
  -------------------------------------------------------------------
                         slack                                  4.193    

Slack (MET) :             4.193ns  (required time - arrival time)
  Source:                 led_blinking_unit/counter_reg[24]/C
                            (rising edge-triggered cell FDRE clocked by sys_clk_pin  {rise@0.000ns fall@4.000ns period=8.000ns})
  Destination:            led_blinking_unit/counter_reg[15]/R
                            (rising edge-triggered cell FDRE clocked by sys_clk_pin  {rise@0.000ns fall@4.000ns period=8.000ns})
  Path Group:             sys_clk_pin
  Path Type:              Setup (Max at Slow Process Corner)
  Requirement:            8.000ns  (sys_clk_pin rise@8.000ns - sys_clk_pin rise@0.000ns)
  Data Path Delay:        3.316ns  (logic 0.828ns (24.969%)  route 2.488ns (75.031%))
  Logic Levels:           3  (LUT4=1 LUT5=1 LUT6=1)
  Clock Path Skew:        -0.026ns (DCD - SCD + CPR)
    Destination Clock Delay (DCD):    4.970ns = ( 12.970 - 8.000 ) 
    Source Clock Delay      (SCD):    5.426ns
    Clock Pessimism Removal (CPR):    0.429ns
  Clock Uncertainty:      0.035ns  ((TSJ^2 + TIJ^2)^1/2 + DJ) / 2 + PE
    Total System Jitter     (TSJ):    0.071ns
    Total Input Jitter      (TIJ):    0.000ns
    Discrete Jitter          (DJ):    0.000ns
    Phase Error              (PE):    0.000ns

    Location             Delay type                Incr(ns)  Path(ns)    Netlist Resource(s)
  -------------------------------------------------------------------    -------------------
                         (clock sys_clk_pin rise edge)
                                                      0.000     0.000 r  
    K17                                               0.000     0.000 r  sys_clk (IN)
                         net (fo=0)                   0.000     0.000    sys_clk
    K17                  IBUF (Prop_ibuf_I_O)         1.492     1.492 r  sys_clk_IBUF_inst/O
                         net (fo=1, routed)           2.076     3.568    sys_clk_IBUF
    BUFGCTRL_X0Y16       BUFG (Prop_bufg_I_O)         0.101     3.669 r  sys_clk_IBUF_BUFG_inst/O
                         net (fo=27, routed)          1.757     5.426    led_blinking_unit/sys_clk
    SLICE_X43Y44         FDRE                                         r  led_blinking_unit/counter_reg[24]/C
  -------------------------------------------------------------------    -------------------
    SLICE_X43Y44         FDRE (Prop_fdre_C_Q)         0.456     5.882 r  led_blinking_unit/counter_reg[24]/Q
                         net (fo=2, routed)           0.986     6.868    led_blinking_unit/counter_reg[24]
    SLICE_X42Y41         LUT4 (Prop_lut4_I0_O)        0.124     6.992 f  led_blinking_unit/counter[0]_i_9/O
                         net (fo=1, routed)           0.670     7.662    led_blinking_unit/counter[0]_i_9_n_0
    SLICE_X42Y41         LUT6 (Prop_lut6_I4_O)        0.124     7.786 r  led_blinking_unit/counter[0]_i_3/O
                         net (fo=2, routed)           0.172     7.958    led_blinking_unit/led_toggle
    SLICE_X42Y41         LUT5 (Prop_lut5_I4_O)        0.124     8.082 r  led_blinking_unit/counter[0]_i_1/O
                         net (fo=26, routed)          0.660     8.742    led_blinking_unit/counter[0]_i_1_n_0
    SLICE_X43Y41         FDRE                                         r  led_blinking_unit/counter_reg[15]/R
  -------------------------------------------------------------------    -------------------

                         (clock sys_clk_pin rise edge)
                                                      8.000     8.000 r  
    K17                                               0.000     8.000 r  sys_clk (IN)
                         net (fo=0)                   0.000     8.000    sys_clk
    K17                  IBUF (Prop_ibuf_I_O)         1.421     9.421 r  sys_clk_IBUF_inst/O
                         net (fo=1, routed)           1.880    11.301    sys_clk_IBUF
    BUFGCTRL_X0Y16       BUFG (Prop_bufg_I_O)         0.091    11.392 r  sys_clk_IBUF_BUFG_inst/O
                         net (fo=27, routed)          1.578    12.970    led_blinking_unit/sys_clk
    SLICE_X43Y41         FDRE                                         r  led_blinking_unit/counter_reg[15]/C
                         clock pessimism              0.429    13.400    
                         clock uncertainty           -0.035    13.364    
    SLICE_X43Y41         FDRE (Setup_fdre_C_R)       -0.429    12.935    led_blinking_unit/counter_reg[15]
  -------------------------------------------------------------------
                         required time                         12.935    
                         arrival time                          -8.742    
  -------------------------------------------------------------------
                         slack                                  4.193    

Slack (MET) :             4.199ns  (required time - arrival time)
  Source:                 led_blinking_unit/counter_reg[24]/C
                            (rising edge-triggered cell FDRE clocked by sys_clk_pin  {rise@0.000ns fall@4.000ns period=8.000ns})
  Destination:            led_blinking_unit/counter_reg[0]/R
                            (rising edge-triggered cell FDRE clocked by sys_clk_pin  {rise@0.000ns fall@4.000ns period=8.000ns})
  Path Group:             sys_clk_pin
  Path Type:              Setup (Max at Slow Process Corner)
  Requirement:            8.000ns  (sys_clk_pin rise@8.000ns - sys_clk_pin rise@0.000ns)
  Data Path Delay:        3.309ns  (logic 0.828ns (25.023%)  route 2.481ns (74.977%))
  Logic Levels:           3  (LUT4=1 LUT5=1 LUT6=1)
  Clock Path Skew:        -0.028ns (DCD - SCD + CPR)
    Destination Clock Delay (DCD):    4.969ns = ( 12.969 - 8.000 ) 
    Source Clock Delay      (SCD):    5.426ns
    Clock Pessimism Removal (CPR):    0.429ns
  Clock Uncertainty:      0.035ns  ((TSJ^2 + TIJ^2)^1/2 + DJ) / 2 + PE
    Total System Jitter     (TSJ):    0.071ns
    Total Input Jitter      (TIJ):    0.000ns
    Discrete Jitter          (DJ):    0.000ns
    Phase Error              (PE):    0.000ns

    Location             Delay type                Incr(ns)  Path(ns)    Netlist Resource(s)
  -------------------------------------------------------------------    -------------------
                         (clock sys_clk_pin rise edge)
                                                      0.000     0.000 r  
    K17                                               0.000     0.000 r  sys_clk (IN)
                         net (fo=0)                   0.000     0.000    sys_clk
    K17                  IBUF (Prop_ibuf_I_O)         1.492     1.492 r  sys_clk_IBUF_inst/O
                         net (fo=1, routed)           2.076     3.568    sys_clk_IBUF
    BUFGCTRL_X0Y16       BUFG (Prop_bufg_I_O)         0.101     3.669 r  sys_clk_IBUF_BUFG_inst/O
                         net (fo=27, routed)          1.757     5.426    led_blinking_unit/sys_clk
    SLICE_X43Y44         FDRE                                         r  led_blinking_unit/counter_reg[24]/C
  -------------------------------------------------------------------    -------------------
    SLICE_X43Y44         FDRE (Prop_fdre_C_Q)         0.456     5.882 r  led_blinking_unit/counter_reg[24]/Q
                         net (fo=2, routed)           0.986     6.868    led_blinking_unit/counter_reg[24]
    SLICE_X42Y41         LUT4 (Prop_lut4_I0_O)        0.124     6.992 f  led_blinking_unit/counter[0]_i_9/O
                         net (fo=1, routed)           0.670     7.662    led_blinking_unit/counter[0]_i_9_n_0
    SLICE_X42Y41         LUT6 (Prop_lut6_I4_O)        0.124     7.786 r  led_blinking_unit/counter[0]_i_3/O
                         net (fo=2, routed)           0.172     7.958    led_blinking_unit/led_toggle
    SLICE_X42Y41         LUT5 (Prop_lut5_I4_O)        0.124     8.082 r  led_blinking_unit/counter[0]_i_1/O
                         net (fo=26, routed)          0.653     8.735    led_blinking_unit/counter[0]_i_1_n_0
    SLICE_X43Y38         FDRE                                         r  led_blinking_unit/counter_reg[0]/R
  -------------------------------------------------------------------    -------------------

                         (clock sys_clk_pin rise edge)
                                                      8.000     8.000 r  
    K17                                               0.000     8.000 r  sys_clk (IN)
                         net (fo=0)                   0.000     8.000    sys_clk
    K17                  IBUF (Prop_ibuf_I_O)         1.421     9.421 r  sys_clk_IBUF_inst/O
                         net (fo=1, routed)           1.880    11.301    sys_clk_IBUF
    BUFGCTRL_X0Y16       BUFG (Prop_bufg_I_O)         0.091    11.392 r  sys_clk_IBUF_BUFG_inst/O
                         net (fo=27, routed)          1.576    12.968    led_blinking_unit/sys_clk
    SLICE_X43Y38         FDRE                                         r  led_blinking_unit/counter_reg[0]/C
                         clock pessimism              0.429    13.398    
                         clock uncertainty           -0.035    13.362    
    SLICE_X43Y38         FDRE (Setup_fdre_C_R)       -0.429    12.933    led_blinking_unit/counter_reg[0]
  -------------------------------------------------------------------
                         required time                         12.933    
                         arrival time                          -8.735    
  -------------------------------------------------------------------
                         slack                                  4.199    

Slack (MET) :             4.199ns  (required time - arrival time)
  Source:                 led_blinking_unit/counter_reg[24]/C
                            (rising edge-triggered cell FDRE clocked by sys_clk_pin  {rise@0.000ns fall@4.000ns period=8.000ns})
  Destination:            led_blinking_unit/counter_reg[1]/R
                            (rising edge-triggered cell FDRE clocked by sys_clk_pin  {rise@0.000ns fall@4.000ns period=8.000ns})
  Path Group:             sys_clk_pin
  Path Type:              Setup (Max at Slow Process Corner)
  Requirement:            8.000ns  (sys_clk_pin rise@8.000ns - sys_clk_pin rise@0.000ns)
  Data Path Delay:        3.309ns  (logic 0.828ns (25.023%)  route 2.481ns (74.977%))
  Logic Levels:           3  (LUT4=1 LUT5=1 LUT6=1)
  Clock Path Skew:        -0.028ns (DCD - SCD + CPR)
    Destination Clock Delay (DCD):    4.969ns = ( 12.969 - 8.000 ) 
    Source Clock Delay      (SCD):    5.426ns
    Clock Pessimism Removal (CPR):    0.429ns
  Clock Uncertainty:      0.035ns  ((TSJ^2 + TIJ^2)^1/2 + DJ) / 2 + PE
    Total System Jitter     (TSJ):    0.071ns
    Total Input Jitter      (TIJ):    0.000ns
    Discrete Jitter          (DJ):    0.000ns
    Phase Error              (PE):    0.000ns

    Location             Delay type                Incr(ns)  Path(ns)    Netlist Resource(s)
  -------------------------------------------------------------------    -------------------
                         (clock sys_clk_pin rise edge)
                                                      0.000     0.000 r  
    K17                                               0.000     0.000 r  sys_clk (IN)
                         net (fo=0)                   0.000     0.000    sys_clk
    K17                  IBUF (Prop_ibuf_I_O)         1.492     1.492 r  sys_clk_IBUF_inst/O
                         net (fo=1, routed)           2.076     3.568    sys_clk_IBUF
    BUFGCTRL_X0Y16       BUFG (Prop_bufg_I_O)         0.101     3.669 r  sys_clk_IBUF_BUFG_inst/O
                         net (fo=27, routed)          1.757     5.426    led_blinking_unit/sys_clk
    SLICE_X43Y44         FDRE                                         r  led_blinking_unit/counter_reg[24]/C
  -------------------------------------------------------------------    -------------------
    SLICE_X43Y44         FDRE (Prop_fdre_C_Q)         0.456     5.882 r  led_blinking_unit/counter_reg[24]/Q
                         net (fo=2, routed)           0.986     6.868    led_blinking_unit/counter_reg[24]
    SLICE_X42Y41         LUT4 (Prop_lut4_I0_O)        0.124     6.992 f  led_blinking_unit/counter[0]_i_9/O
                         net (fo=1, routed)           0.670     7.662    led_blinking_unit/counter[0]_i_9_n_0
    SLICE_X42Y41         LUT6 (Prop_lut6_I4_O)        0.124     7.786 r  led_blinking_unit/counter[0]_i_3/O
                         net (fo=2, routed)           0.172     7.958    led_blinking_unit/led_toggle
    SLICE_X42Y41         LUT5 (Prop_lut5_I4_O)        0.124     8.082 r  led_blinking_unit/counter[0]_i_1/O
                         net (fo=26, routed)          0.653     8.735    led_blinking_unit/counter[0]_i_1_n_0
    SLICE_X43Y38         FDRE                                         r  led_blinking_unit/counter_reg[1]/R
  -------------------------------------------------------------------    -------------------

                         (clock sys_clk_pin rise edge)
                                                      8.000     8.000 r  
    K17                                               0.000     8.000 r  sys_clk (IN)
                         net (fo=0)                   0.000     8.000    sys_clk
    K17                  IBUF (Prop_ibuf_I_O)         1.421     9.421 r  sys_clk_IBUF_inst/O
                         net (fo=1, routed)           1.880    11.301    sys_clk_IBUF
    BUFGCTRL_X0Y16       BUFG (Prop_bufg_I_O)         0.091    11.392 r  sys_clk_IBUF_BUFG_inst/O
                         net (fo=27, routed)          1.576    12.968    led_blinking_unit/sys_clk
    SLICE_X43Y38         FDRE                                         r  led_blinking_unit/counter_reg[1]/C
                         clock pessimism              0.429    13.398    
                         clock uncertainty           -0.035    13.362    
    SLICE_X43Y38         FDRE (Setup_fdre_C_R)       -0.429    12.933    led_blinking_unit/counter_reg[1]
  -------------------------------------------------------------------
                         required time                         12.933    
                         arrival time                          -8.735    
  -------------------------------------------------------------------
                         slack                                  4.199    

Slack (MET) :             4.199ns  (required time - arrival time)
  Source:                 led_blinking_unit/counter_reg[24]/C
                            (rising edge-triggered cell FDRE clocked by sys_clk_pin  {rise@0.000ns fall@4.000ns period=8.000ns})
  Destination:            led_blinking_unit/counter_reg[2]/R
                            (rising edge-triggered cell FDRE clocked by sys_clk_pin  {rise@0.000ns fall@4.000ns period=8.000ns})
  Path Group:             sys_clk_pin
  Path Type:              Setup (Max at Slow Process Corner)
  Requirement:            8.000ns  (sys_clk_pin rise@8.000ns - sys_clk_pin rise@0.000ns)
  Data Path Delay:        3.309ns  (logic 0.828ns (25.023%)  route 2.481ns (74.977%))
  Logic Levels:           3  (LUT4=1 LUT5=1 LUT6=1)
  Clock Path Skew:        -0.028ns (DCD - SCD + CPR)
    Destination Clock Delay (DCD):    4.969ns = ( 12.969 - 8.000 ) 
    Source Clock Delay      (SCD):    5.426ns
    Clock Pessimism Removal (CPR):    0.429ns
  Clock Uncertainty:      0.035ns  ((TSJ^2 + TIJ^2)^1/2 + DJ) / 2 + PE
    Total System Jitter     (TSJ):    0.071ns
    Total Input Jitter      (TIJ):    0.000ns
    Discrete Jitter          (DJ):    0.000ns
    Phase Error              (PE):    0.000ns

    Location             Delay type                Incr(ns)  Path(ns)    Netlist Resource(s)
  -------------------------------------------------------------------    -------------------
                         (clock sys_clk_pin rise edge)
                                                      0.000     0.000 r  
    K17                                               0.000     0.000 r  sys_clk (IN)
                         net (fo=0)                   0.000     0.000    sys_clk
    K17                  IBUF (Prop_ibuf_I_O)         1.492     1.492 r  sys_clk_IBUF_inst/O
                         net (fo=1, routed)           2.076     3.568    sys_clk_IBUF
    BUFGCTRL_X0Y16       BUFG (Prop_bufg_I_O)         0.101     3.669 r  sys_clk_IBUF_BUFG_inst/O
                         net (fo=27, routed)          1.757     5.426    led_blinking_unit/sys_clk
    SLICE_X43Y44         FDRE                                         r  led_blinking_unit/counter_reg[24]/C
  -------------------------------------------------------------------    -------------------
    SLICE_X43Y44         FDRE (Prop_fdre_C_Q)         0.456     5.882 r  led_blinking_unit/counter_reg[24]/Q
                         net (fo=2, routed)           0.986     6.868    led_blinking_unit/counter_reg[24]
    SLICE_X42Y41         LUT4 (Prop_lut4_I0_O)        0.124     6.992 f  led_blinking_unit/counter[0]_i_9/O
                         net (fo=1, routed)           0.670     7.662    led_blinking_unit/counter[0]_i_9_n_0
    SLICE_X42Y41         LUT6 (Prop_lut6_I4_O)        0.124     7.786 r  led_blinking_unit/counter[0]_i_3/O
                         net (fo=2, routed)           0.172     7.958    led_blinking_unit/led_toggle
    SLICE_X42Y41         LUT5 (Prop_lut5_I4_O)        0.124     8.082 r  led_blinking_unit/counter[0]_i_1/O
                         net (fo=26, routed)          0.653     8.735    led_blinking_unit/counter[0]_i_1_n_0
    SLICE_X43Y38         FDRE                                         r  led_blinking_unit/counter_reg[2]/R
  -------------------------------------------------------------------    -------------------

                         (clock sys_clk_pin rise edge)
                                                      8.000     8.000 r  
    K17                                               0.000     8.000 r  sys_clk (IN)
                         net (fo=0)                   0.000     8.000    sys_clk
    K17                  IBUF (Prop_ibuf_I_O)         1.421     9.421 r  sys_clk_IBUF_inst/O
                         net (fo=1, routed)           1.880    11.301    sys_clk_IBUF
    BUFGCTRL_X0Y16       BUFG (Prop_bufg_I_O)         0.091    11.392 r  sys_clk_IBUF_BUFG_inst/O
                         net (fo=27, routed)          1.576    12.968    led_blinking_unit/sys_clk
    SLICE_X43Y38         FDRE                                         r  led_blinking_unit/counter_reg[2]/C
                         clock pessimism              0.429    13.398    
                         clock uncertainty           -0.035    13.362    
    SLICE_X43Y38         FDRE (Setup_fdre_C_R)       -0.429    12.933    led_blinking_unit/counter_reg[2]
  -------------------------------------------------------------------
                         required time                         12.933    
                         arrival time                          -8.735    
  -------------------------------------------------------------------
                         slack                                  4.199    

Slack (MET) :             4.199ns  (required time - arrival time)
  Source:                 led_blinking_unit/counter_reg[24]/C
                            (rising edge-triggered cell FDRE clocked by sys_clk_pin  {rise@0.000ns fall@4.000ns period=8.000ns})
  Destination:            led_blinking_unit/counter_reg[3]/R
                            (rising edge-triggered cell FDRE clocked by sys_clk_pin  {rise@0.000ns fall@4.000ns period=8.000ns})
  Path Group:             sys_clk_pin
  Path Type:              Setup (Max at Slow Process Corner)
  Requirement:            8.000ns  (sys_clk_pin rise@8.000ns - sys_clk_pin rise@0.000ns)
  Data Path Delay:        3.309ns  (logic 0.828ns (25.023%)  route 2.481ns (74.977%))
  Logic Levels:           3  (LUT4=1 LUT5=1 LUT6=1)
  Clock Path Skew:        -0.028ns (DCD - SCD + CPR)
    Destination Clock Delay (DCD):    4.969ns = ( 12.969 - 8.000 ) 
    Source Clock Delay      (SCD):    5.426ns
    Clock Pessimism Removal (CPR):    0.429ns
  Clock Uncertainty:      0.035ns  ((TSJ^2 + TIJ^2)^1/2 + DJ) / 2 + PE
    Total System Jitter     (TSJ):    0.071ns
    Total Input Jitter      (TIJ):    0.000ns
    Discrete Jitter          (DJ):    0.000ns
    Phase Error              (PE):    0.000ns

    Location             Delay type                Incr(ns)  Path(ns)    Netlist Resource(s)
  -------------------------------------------------------------------    -------------------
                         (clock sys_clk_pin rise edge)
                                                      0.000     0.000 r  
    K17                                               0.000     0.000 r  sys_clk (IN)
                         net (fo=0)                   0.000     0.000    sys_clk
    K17                  IBUF (Prop_ibuf_I_O)         1.492     1.492 r  sys_clk_IBUF_inst/O
                         net (fo=1, routed)           2.076     3.568    sys_clk_IBUF
    BUFGCTRL_X0Y16       BUFG (Prop_bufg_I_O)         0.101     3.669 r  sys_clk_IBUF_BUFG_inst/O
                         net (fo=27, routed)          1.757     5.426    led_blinking_unit/sys_clk
    SLICE_X43Y44         FDRE                                         r  led_blinking_unit/counter_reg[24]/C
  -------------------------------------------------------------------    -------------------
    SLICE_X43Y44         FDRE (Prop_fdre_C_Q)         0.456     5.882 r  led_blinking_unit/counter_reg[24]/Q
                         net (fo=2, routed)           0.986     6.868    led_blinking_unit/counter_reg[24]
    SLICE_X42Y41         LUT4 (Prop_lut4_I0_O)        0.124     6.992 f  led_blinking_unit/counter[0]_i_9/O
                         net (fo=1, routed)           0.670     7.662    led_blinking_unit/counter[0]_i_9_n_0
    SLICE_X42Y41         LUT6 (Prop_lut6_I4_O)        0.124     7.786 r  led_blinking_unit/counter[0]_i_3/O
                         net (fo=2, routed)           0.172     7.958    led_blinking_unit/led_toggle
    SLICE_X42Y41         LUT5 (Prop_lut5_I4_O)        0.124     8.082 r  led_blinking_unit/counter[0]_i_1/O
                         net (fo=26, routed)          0.653     8.735    led_blinking_unit/counter[0]_i_1_n_0
    SLICE_X43Y38         FDRE                                         r  led_blinking_unit/counter_reg[3]/R
  -------------------------------------------------------------------    -------------------

                         (clock sys_clk_pin rise edge)
                                                      8.000     8.000 r  
    K17                                               0.000     8.000 r  sys_clk (IN)
                         net (fo=0)                   0.000     8.000    sys_clk
    K17                  IBUF (Prop_ibuf_I_O)         1.421     9.421 r  sys_clk_IBUF_inst/O
                         net (fo=1, routed)           1.880    11.301    sys_clk_IBUF
    BUFGCTRL_X0Y16       BUFG (Prop_bufg_I_O)         0.091    11.392 r  sys_clk_IBUF_BUFG_inst/O
                         net (fo=27, routed)          1.576    12.968    led_blinking_unit/sys_clk
    SLICE_X43Y38         FDRE                                         r  led_blinking_unit/counter_reg[3]/C
                         clock pessimism              0.429    13.398    
                         clock uncertainty           -0.035    13.362    
    SLICE_X43Y38         FDRE (Setup_fdre_C_R)       -0.429    12.933    led_blinking_unit/counter_reg[3]
  -------------------------------------------------------------------
                         required time                         12.933    
                         arrival time                          -8.735    
  -------------------------------------------------------------------
                         slack                                  4.199    

Slack (MET) :             4.216ns  (required time - arrival time)
  Source:                 led_blinking_unit/counter_reg[10]/C
                            (rising edge-triggered cell FDRE clocked by sys_clk_pin  {rise@0.000ns fall@4.000ns period=8.000ns})
  Destination:            led_blinking_unit/counter_reg[24]/R
                            (rising edge-triggered cell FDRE clocked by sys_clk_pin  {rise@0.000ns fall@4.000ns period=8.000ns})
  Path Group:             sys_clk_pin
  Path Type:              Setup (Max at Slow Process Corner)
  Requirement:            8.000ns  (sys_clk_pin rise@8.000ns - sys_clk_pin rise@0.000ns)
  Data Path Delay:        3.297ns  (logic 0.828ns (25.117%)  route 2.469ns (74.883%))
  Logic Levels:           3  (LUT4=1 LUT5=1 LUT6=1)
  Clock Path Skew:        -0.023ns (DCD - SCD + CPR)
    Destination Clock Delay (DCD):    4.971ns = ( 12.972 - 8.000 ) 
    Source Clock Delay      (SCD):    5.424ns
    Clock Pessimism Removal (CPR):    0.429ns
  Clock Uncertainty:      0.035ns  ((TSJ^2 + TIJ^2)^1/2 + DJ) / 2 + PE
    Total System Jitter     (TSJ):    0.071ns
    Total Input Jitter      (TIJ):    0.000ns
    Discrete Jitter          (DJ):    0.000ns
    Phase Error              (PE):    0.000ns

    Location             Delay type                Incr(ns)  Path(ns)    Netlist Resource(s)
  -------------------------------------------------------------------    -------------------
                         (clock sys_clk_pin rise edge)
                                                      0.000     0.000 r  
    K17                                               0.000     0.000 r  sys_clk (IN)
                         net (fo=0)                   0.000     0.000    sys_clk
    K17                  IBUF (Prop_ibuf_I_O)         1.492     1.492 r  sys_clk_IBUF_inst/O
                         net (fo=1, routed)           2.076     3.568    sys_clk_IBUF
    BUFGCTRL_X0Y16       BUFG (Prop_bufg_I_O)         0.101     3.669 r  sys_clk_IBUF_BUFG_inst/O
                         net (fo=27, routed)          1.755     5.424    led_blinking_unit/sys_clk
    SLICE_X43Y40         FDRE                                         r  led_blinking_unit/counter_reg[10]/C
  -------------------------------------------------------------------    -------------------
    SLICE_X43Y40         FDRE (Prop_fdre_C_Q)         0.456     5.880 r  led_blinking_unit/counter_reg[10]/Q
                         net (fo=2, routed)           0.854     6.734    led_blinking_unit/counter_reg[10]
    SLICE_X42Y40         LUT4 (Prop_lut4_I2_O)        0.124     6.858 r  led_blinking_unit/counter[0]_i_7/O
                         net (fo=1, routed)           0.795     7.653    led_blinking_unit/counter[0]_i_7_n_0
    SLICE_X42Y41         LUT6 (Prop_lut6_I2_O)        0.124     7.777 r  led_blinking_unit/counter[0]_i_3/O
                         net (fo=2, routed)           0.172     7.949    led_blinking_unit/led_toggle
    SLICE_X42Y41         LUT5 (Prop_lut5_I4_O)        0.124     8.073 r  led_blinking_unit/counter[0]_i_1/O
                         net (fo=26, routed)          0.648     8.720    led_blinking_unit/counter[0]_i_1_n_0
    SLICE_X43Y44         FDRE                                         r  led_blinking_unit/counter_reg[24]/R
  -------------------------------------------------------------------    -------------------

                         (clock sys_clk_pin rise edge)
                                                      8.000     8.000 r  
    K17                                               0.000     8.000 r  sys_clk (IN)
                         net (fo=0)                   0.000     8.000    sys_clk
    K17                  IBUF (Prop_ibuf_I_O)         1.421     9.421 r  sys_clk_IBUF_inst/O
                         net (fo=1, routed)           1.880    11.301    sys_clk_IBUF
    BUFGCTRL_X0Y16       BUFG (Prop_bufg_I_O)         0.091    11.392 r  sys_clk_IBUF_BUFG_inst/O
                         net (fo=27, routed)          1.579    12.971    led_blinking_unit/sys_clk
    SLICE_X43Y44         FDRE                                         r  led_blinking_unit/counter_reg[24]/C
                         clock pessimism              0.429    13.401    
                         clock uncertainty           -0.035    13.365    
    SLICE_X43Y44         FDRE (Setup_fdre_C_R)       -0.429    12.936    led_blinking_unit/counter_reg[24]
  -------------------------------------------------------------------
                         required time                         12.936    
                         arrival time                          -8.720    
  -------------------------------------------------------------------
                         slack                                  4.216    

Slack (MET) :             4.216ns  (required time - arrival time)
  Source:                 led_blinking_unit/counter_reg[10]/C
                            (rising edge-triggered cell FDRE clocked by sys_clk_pin  {rise@0.000ns fall@4.000ns period=8.000ns})
  Destination:            led_blinking_unit/counter_reg[25]/R
                            (rising edge-triggered cell FDRE clocked by sys_clk_pin  {rise@0.000ns fall@4.000ns period=8.000ns})
  Path Group:             sys_clk_pin
  Path Type:              Setup (Max at Slow Process Corner)
  Requirement:            8.000ns  (sys_clk_pin rise@8.000ns - sys_clk_pin rise@0.000ns)
  Data Path Delay:        3.297ns  (logic 0.828ns (25.117%)  route 2.469ns (74.883%))
  Logic Levels:           3  (LUT4=1 LUT5=1 LUT6=1)
  Clock Path Skew:        -0.023ns (DCD - SCD + CPR)
    Destination Clock Delay (DCD):    4.971ns = ( 12.972 - 8.000 ) 
    Source Clock Delay      (SCD):    5.424ns
    Clock Pessimism Removal (CPR):    0.429ns
  Clock Uncertainty:      0.035ns  ((TSJ^2 + TIJ^2)^1/2 + DJ) / 2 + PE
    Total System Jitter     (TSJ):    0.071ns
    Total Input Jitter      (TIJ):    0.000ns
    Discrete Jitter          (DJ):    0.000ns
    Phase Error              (PE):    0.000ns

    Location             Delay type                Incr(ns)  Path(ns)    Netlist Resource(s)
  -------------------------------------------------------------------    -------------------
                         (clock sys_clk_pin rise edge)
                                                      0.000     0.000 r  
    K17                                               0.000     0.000 r  sys_clk (IN)
                         net (fo=0)                   0.000     0.000    sys_clk
    K17                  IBUF (Prop_ibuf_I_O)         1.492     1.492 r  sys_clk_IBUF_inst/O
                         net (fo=1, routed)           2.076     3.568    sys_clk_IBUF
    BUFGCTRL_X0Y16       BUFG (Prop_bufg_I_O)         0.101     3.669 r  sys_clk_IBUF_BUFG_inst/O
                         net (fo=27, routed)          1.755     5.424    led_blinking_unit/sys_clk
    SLICE_X43Y40         FDRE                                         r  led_blinking_unit/counter_reg[10]/C
  -------------------------------------------------------------------    -------------------
    SLICE_X43Y40         FDRE (Prop_fdre_C_Q)         0.456     5.880 r  led_blinking_unit/counter_reg[10]/Q
                         net (fo=2, routed)           0.854     6.734    led_blinking_unit/counter_reg[10]
    SLICE_X42Y40         LUT4 (Prop_lut4_I2_O)        0.124     6.858 r  led_blinking_unit/counter[0]_i_7/O
                         net (fo=1, routed)           0.795     7.653    led_blinking_unit/counter[0]_i_7_n_0
    SLICE_X42Y41         LUT6 (Prop_lut6_I2_O)        0.124     7.777 r  led_blinking_unit/counter[0]_i_3/O
                         net (fo=2, routed)           0.172     7.949    led_blinking_unit/led_toggle
    SLICE_X42Y41         LUT5 (Prop_lut5_I4_O)        0.124     8.073 r  led_blinking_unit/counter[0]_i_1/O
                         net (fo=26, routed)          0.648     8.720    led_blinking_unit/counter[0]_i_1_n_0
    SLICE_X43Y44         FDRE                                         r  led_blinking_unit/counter_reg[25]/R
  -------------------------------------------------------------------    -------------------

                         (clock sys_clk_pin rise edge)
                                                      8.000     8.000 r  
    K17                                               0.000     8.000 r  sys_clk (IN)
                         net (fo=0)                   0.000     8.000    sys_clk
    K17                  IBUF (Prop_ibuf_I_O)         1.421     9.421 r  sys_clk_IBUF_inst/O
                         net (fo=1, routed)           1.880    11.301    sys_clk_IBUF
    BUFGCTRL_X0Y16       BUFG (Prop_bufg_I_O)         0.091    11.392 r  sys_clk_IBUF_BUFG_inst/O
                         net (fo=27, routed)          1.579    12.971    led_blinking_unit/sys_clk
    SLICE_X43Y44         FDRE                                         r  led_blinking_unit/counter_reg[25]/C
                         clock pessimism              0.429    13.401    
                         clock uncertainty           -0.035    13.365    
    SLICE_X43Y44         FDRE (Setup_fdre_C_R)       -0.429    12.936    led_blinking_unit/counter_reg[25]
  -------------------------------------------------------------------
                         required time                         12.936    
                         arrival time                          -8.720    
  -------------------------------------------------------------------
                         slack                                  4.216    





Min Delay Paths
--------------------------------------------------------------------------------------
Slack (MET) :             0.262ns  (arrival time - required time)
  Source:                 led_blinking_unit/counter_reg[23]/C
                            (rising edge-triggered cell FDRE clocked by sys_clk_pin  {rise@0.000ns fall@4.000ns period=8.000ns})
  Destination:            led_blinking_unit/counter_reg[23]/D
                            (rising edge-triggered cell FDRE clocked by sys_clk_pin  {rise@0.000ns fall@4.000ns period=8.000ns})
  Path Group:             sys_clk_pin
  Path Type:              Hold (Min at Fast Process Corner)
  Requirement:            0.000ns  (sys_clk_pin rise@0.000ns - sys_clk_pin rise@0.000ns)
  Data Path Delay:        0.367ns  (logic 0.249ns (67.838%)  route 0.118ns (32.162%))
  Logic Levels:           1  (CARRY4=1)
  Clock Path Skew:        0.000ns (DCD - SCD - CPR)
    Destination Clock Delay (DCD):    2.022ns
    Source Clock Delay      (SCD):    1.506ns
    Clock Pessimism Removal (CPR):    0.516ns

    Location             Delay type                Incr(ns)  Path(ns)    Netlist Resource(s)
  -------------------------------------------------------------------    -------------------
                         (clock sys_clk_pin rise edge)
                                                      0.000     0.000 r  
    K17                                               0.000     0.000 r  sys_clk (IN)
                         net (fo=0)                   0.000     0.000    sys_clk
    K17                  IBUF (Prop_ibuf_I_O)         0.259     0.259 r  sys_clk_IBUF_inst/O
                         net (fo=1, routed)           0.627     0.887    sys_clk_IBUF
    BUFGCTRL_X0Y16       BUFG (Prop_bufg_I_O)         0.026     0.913 r  sys_clk_IBUF_BUFG_inst/O
                         net (fo=27, routed)          0.594     1.506    led_blinking_unit/sys_clk
    SLICE_X43Y43         FDRE                                         r  led_blinking_unit/counter_reg[23]/C
  -------------------------------------------------------------------    -------------------
    SLICE_X43Y43         FDRE (Prop_fdre_C_Q)         0.141     1.647 r  led_blinking_unit/counter_reg[23]/Q
                         net (fo=2, routed)           0.118     1.765    led_blinking_unit/counter_reg[23]
    SLICE_X43Y43         CARRY4 (Prop_carry4_S[3]_O[3])
                                                      0.108     1.873 r  led_blinking_unit/counter_reg[20]_i_1/O[3]
                         net (fo=1, routed)           0.000     1.873    led_blinking_unit/counter_reg[20]_i_1_n_4
    SLICE_X43Y43         FDRE                                         r  led_blinking_unit/counter_reg[23]/D
  -------------------------------------------------------------------    -------------------

                         (clock sys_clk_pin rise edge)
                                                      0.000     0.000 r  
    K17                                               0.000     0.000 r  sys_clk (IN)
                         net (fo=0)                   0.000     0.000    sys_clk
    K17                  IBUF (Prop_ibuf_I_O)         0.447     0.447 r  sys_clk_IBUF_inst/O
                         net (fo=1, routed)           0.683     1.130    sys_clk_IBUF
    BUFGCTRL_X0Y16       BUFG (Prop_bufg_I_O)         0.029     1.159 r  sys_clk_IBUF_BUFG_inst/O
                         net (fo=27, routed)          0.863     2.022    led_blinking_unit/sys_clk
    SLICE_X43Y43         FDRE                                         r  led_blinking_unit/counter_reg[23]/C
                         clock pessimism             -0.516     1.506    
    SLICE_X43Y43         FDRE (Hold_fdre_C_D)         0.105     1.611    led_blinking_unit/counter_reg[23]
  -------------------------------------------------------------------
                         required time                         -1.611    
                         arrival time                           1.873    
  -------------------------------------------------------------------
                         slack                                  0.262    

Slack (MET) :             0.263ns  (arrival time - required time)
  Source:                 led_blinking_unit/counter_reg[19]/C
                            (rising edge-triggered cell FDRE clocked by sys_clk_pin  {rise@0.000ns fall@4.000ns period=8.000ns})
  Destination:            led_blinking_unit/counter_reg[19]/D
                            (rising edge-triggered cell FDRE clocked by sys_clk_pin  {rise@0.000ns fall@4.000ns period=8.000ns})
  Path Group:             sys_clk_pin
  Path Type:              Hold (Min at Fast Process Corner)
  Requirement:            0.000ns  (sys_clk_pin rise@0.000ns - sys_clk_pin rise@0.000ns)
  Data Path Delay:        0.368ns  (logic 0.249ns (67.612%)  route 0.119ns (32.388%))
  Logic Levels:           1  (CARRY4=1)
  Clock Path Skew:        0.000ns (DCD - SCD - CPR)
    Destination Clock Delay (DCD):    2.021ns
    Source Clock Delay      (SCD):    1.505ns
    Clock Pessimism Removal (CPR):    0.516ns

    Location             Delay type                Incr(ns)  Path(ns)    Netlist Resource(s)
  -------------------------------------------------------------------    -------------------
                         (clock sys_clk_pin rise edge)
                                                      0.000     0.000 r  
    K17                                               0.000     0.000 r  sys_clk (IN)
                         net (fo=0)                   0.000     0.000    sys_clk
    K17                  IBUF (Prop_ibuf_I_O)         0.259     0.259 r  sys_clk_IBUF_inst/O
                         net (fo=1, routed)           0.627     0.887    sys_clk_IBUF
    BUFGCTRL_X0Y16       BUFG (Prop_bufg_I_O)         0.026     0.913 r  sys_clk_IBUF_BUFG_inst/O
                         net (fo=27, routed)          0.593     1.505    led_blinking_unit/sys_clk
    SLICE_X43Y42         FDRE                                         r  led_blinking_unit/counter_reg[19]/C
  -------------------------------------------------------------------    -------------------
    SLICE_X43Y42         FDRE (Prop_fdre_C_Q)         0.141     1.646 r  led_blinking_unit/counter_reg[19]/Q
                         net (fo=2, routed)           0.119     1.765    led_blinking_unit/counter_reg[19]
    SLICE_X43Y42         CARRY4 (Prop_carry4_S[3]_O[3])
                                                      0.108     1.873 r  led_blinking_unit/counter_reg[16]_i_1/O[3]
                         net (fo=1, routed)           0.000     1.873    led_blinking_unit/counter_reg[16]_i_1_n_4
    SLICE_X43Y42         FDRE                                         r  led_blinking_unit/counter_reg[19]/D
  -------------------------------------------------------------------    -------------------

                         (clock sys_clk_pin rise edge)
                                                      0.000     0.000 r  
    K17                                               0.000     0.000 r  sys_clk (IN)
                         net (fo=0)                   0.000     0.000    sys_clk
    K17                  IBUF (Prop_ibuf_I_O)         0.447     0.447 r  sys_clk_IBUF_inst/O
                         net (fo=1, routed)           0.683     1.130    sys_clk_IBUF
    BUFGCTRL_X0Y16       BUFG (Prop_bufg_I_O)         0.029     1.159 r  sys_clk_IBUF_BUFG_inst/O
                         net (fo=27, routed)          0.862     2.021    led_blinking_unit/sys_clk
    SLICE_X43Y42         FDRE                                         r  led_blinking_unit/counter_reg[19]/C
                         clock pessimism             -0.516     1.505    
    SLICE_X43Y42         FDRE (Hold_fdre_C_D)         0.105     1.610    led_blinking_unit/counter_reg[19]
  -------------------------------------------------------------------
                         required time                         -1.610    
                         arrival time                           1.873    
  -------------------------------------------------------------------
                         slack                                  0.263    

Slack (MET) :             0.264ns  (arrival time - required time)
  Source:                 led_blinking_unit/led_toggle_reg/C
                            (rising edge-triggered cell FDRE clocked by sys_clk_pin  {rise@0.000ns fall@4.000ns period=8.000ns})
  Destination:            led_blinking_unit/led_toggle_reg/D
                            (rising edge-triggered cell FDRE clocked by sys_clk_pin  {rise@0.000ns fall@4.000ns period=8.000ns})
  Path Group:             sys_clk_pin
  Path Type:              Hold (Min at Fast Process Corner)
  Requirement:            0.000ns  (sys_clk_pin rise@0.000ns - sys_clk_pin rise@0.000ns)
  Data Path Delay:        0.384ns  (logic 0.209ns (54.393%)  route 0.175ns (45.607%))
  Logic Levels:           1  (LUT6=1)
  Clock Path Skew:        0.000ns (DCD - SCD - CPR)
    Destination Clock Delay (DCD):    2.021ns
    Source Clock Delay      (SCD):    1.505ns
    Clock Pessimism Removal (CPR):    0.516ns

    Location             Delay type                Incr(ns)  Path(ns)    Netlist Resource(s)
  -------------------------------------------------------------------    -------------------
                         (clock sys_clk_pin rise edge)
                                                      0.000     0.000 r  
    K17                                               0.000     0.000 r  sys_clk (IN)
                         net (fo=0)                   0.000     0.000    sys_clk
    K17                  IBUF (Prop_ibuf_I_O)         0.259     0.259 r  sys_clk_IBUF_inst/O
                         net (fo=1, routed)           0.627     0.887    sys_clk_IBUF
    BUFGCTRL_X0Y16       BUFG (Prop_bufg_I_O)         0.026     0.913 r  sys_clk_IBUF_BUFG_inst/O
                         net (fo=27, routed)          0.593     1.505    led_blinking_unit/sys_clk
    SLICE_X42Y41         FDRE                                         r  led_blinking_unit/led_toggle_reg/C
  -------------------------------------------------------------------    -------------------
    SLICE_X42Y41         FDRE (Prop_fdre_C_Q)         0.164     1.669 r  led_blinking_unit/led_toggle_reg/Q
                         net (fo=4, routed)           0.175     1.844    led_blinking_unit/led_out
    SLICE_X42Y41         LUT6 (Prop_lut6_I0_O)        0.045     1.889 r  led_blinking_unit/led_toggle_i_1/O
                         net (fo=1, routed)           0.000     1.889    led_blinking_unit/led_toggle_i_1_n_0
    SLICE_X42Y41         FDRE                                         r  led_blinking_unit/led_toggle_reg/D
  -------------------------------------------------------------------    -------------------

                         (clock sys_clk_pin rise edge)
                                                      0.000     0.000 r  
    K17                                               0.000     0.000 r  sys_clk (IN)
                         net (fo=0)                   0.000     0.000    sys_clk
    K17                  IBUF (Prop_ibuf_I_O)         0.447     0.447 r  sys_clk_IBUF_inst/O
                         net (fo=1, routed)           0.683     1.130    sys_clk_IBUF
    BUFGCTRL_X0Y16       BUFG (Prop_bufg_I_O)         0.029     1.159 r  sys_clk_IBUF_BUFG_inst/O
                         net (fo=27, routed)          0.862     2.021    led_blinking_unit/sys_clk
    SLICE_X42Y41         FDRE                                         r  led_blinking_unit/led_toggle_reg/C
                         clock pessimism             -0.516     1.505    
    SLICE_X42Y41         FDRE (Hold_fdre_C_D)         0.120     1.625    led_blinking_unit/led_toggle_reg
  -------------------------------------------------------------------
                         required time                         -1.625    
                         arrival time                           1.889    
  -------------------------------------------------------------------
                         slack                                  0.264    

Slack (MET) :             0.264ns  (arrival time - required time)
  Source:                 led_blinking_unit/counter_reg[15]/C
                            (rising edge-triggered cell FDRE clocked by sys_clk_pin  {rise@0.000ns fall@4.000ns period=8.000ns})
  Destination:            led_blinking_unit/counter_reg[15]/D
                            (rising edge-triggered cell FDRE clocked by sys_clk_pin  {rise@0.000ns fall@4.000ns period=8.000ns})
  Path Group:             sys_clk_pin
  Path Type:              Hold (Min at Fast Process Corner)
  Requirement:            0.000ns  (sys_clk_pin rise@0.000ns - sys_clk_pin rise@0.000ns)
  Data Path Delay:        0.369ns  (logic 0.249ns (67.424%)  route 0.120ns (32.576%))
  Logic Levels:           1  (CARRY4=1)
  Clock Path Skew:        0.000ns (DCD - SCD - CPR)
    Destination Clock Delay (DCD):    2.021ns
    Source Clock Delay      (SCD):    1.505ns
    Clock Pessimism Removal (CPR):    0.516ns

    Location             Delay type                Incr(ns)  Path(ns)    Netlist Resource(s)
  -------------------------------------------------------------------    -------------------
                         (clock sys_clk_pin rise edge)
                                                      0.000     0.000 r  
    K17                                               0.000     0.000 r  sys_clk (IN)
                         net (fo=0)                   0.000     0.000    sys_clk
    K17                  IBUF (Prop_ibuf_I_O)         0.259     0.259 r  sys_clk_IBUF_inst/O
                         net (fo=1, routed)           0.627     0.887    sys_clk_IBUF
    BUFGCTRL_X0Y16       BUFG (Prop_bufg_I_O)         0.026     0.913 r  sys_clk_IBUF_BUFG_inst/O
                         net (fo=27, routed)          0.593     1.505    led_blinking_unit/sys_clk
    SLICE_X43Y41         FDRE                                         r  led_blinking_unit/counter_reg[15]/C
  -------------------------------------------------------------------    -------------------
    SLICE_X43Y41         FDRE (Prop_fdre_C_Q)         0.141     1.646 r  led_blinking_unit/counter_reg[15]/Q
                         net (fo=2, routed)           0.120     1.767    led_blinking_unit/counter_reg[15]
    SLICE_X43Y41         CARRY4 (Prop_carry4_S[3]_O[3])
                                                      0.108     1.875 r  led_blinking_unit/counter_reg[12]_i_1/O[3]
                         net (fo=1, routed)           0.000     1.875    led_blinking_unit/counter_reg[12]_i_1_n_4
    SLICE_X43Y41         FDRE                                         r  led_blinking_unit/counter_reg[15]/D
  -------------------------------------------------------------------    -------------------

                         (clock sys_clk_pin rise edge)
                                                      0.000     0.000 r  
    K17                                               0.000     0.000 r  sys_clk (IN)
                         net (fo=0)                   0.000     0.000    sys_clk
    K17                  IBUF (Prop_ibuf_I_O)         0.447     0.447 r  sys_clk_IBUF_inst/O
                         net (fo=1, routed)           0.683     1.130    sys_clk_IBUF
    BUFGCTRL_X0Y16       BUFG (Prop_bufg_I_O)         0.029     1.159 r  sys_clk_IBUF_BUFG_inst/O
                         net (fo=27, routed)          0.862     2.021    led_blinking_unit/sys_clk
    SLICE_X43Y41         FDRE                                         r  led_blinking_unit/counter_reg[15]/C
                         clock pessimism             -0.516     1.505    
    SLICE_X43Y41         FDRE (Hold_fdre_C_D)         0.105     1.610    led_blinking_unit/counter_reg[15]
  -------------------------------------------------------------------
                         required time                         -1.610    
                         arrival time                           1.875    
  -------------------------------------------------------------------
                         slack                                  0.264    

Slack (MET) :             0.264ns  (arrival time - required time)
  Source:                 led_blinking_unit/counter_reg[7]/C
                            (rising edge-triggered cell FDRE clocked by sys_clk_pin  {rise@0.000ns fall@4.000ns period=8.000ns})
  Destination:            led_blinking_unit/counter_reg[7]/D
                            (rising edge-triggered cell FDRE clocked by sys_clk_pin  {rise@0.000ns fall@4.000ns period=8.000ns})
  Path Group:             sys_clk_pin
  Path Type:              Hold (Min at Fast Process Corner)
  Requirement:            0.000ns  (sys_clk_pin rise@0.000ns - sys_clk_pin rise@0.000ns)
  Data Path Delay:        0.369ns  (logic 0.249ns (67.424%)  route 0.120ns (32.576%))
  Logic Levels:           1  (CARRY4=1)
  Clock Path Skew:        0.000ns (DCD - SCD - CPR)
    Destination Clock Delay (DCD):    2.020ns
    Source Clock Delay      (SCD):    1.504ns
    Clock Pessimism Removal (CPR):    0.516ns

    Location             Delay type                Incr(ns)  Path(ns)    Netlist Resource(s)
  -------------------------------------------------------------------    -------------------
                         (clock sys_clk_pin rise edge)
                                                      0.000     0.000 r  
    K17                                               0.000     0.000 r  sys_clk (IN)
                         net (fo=0)                   0.000     0.000    sys_clk
    K17                  IBUF (Prop_ibuf_I_O)         0.259     0.259 r  sys_clk_IBUF_inst/O
                         net (fo=1, routed)           0.627     0.887    sys_clk_IBUF
    BUFGCTRL_X0Y16       BUFG (Prop_bufg_I_O)         0.026     0.913 r  sys_clk_IBUF_BUFG_inst/O
                         net (fo=27, routed)          0.592     1.504    led_blinking_unit/sys_clk
    SLICE_X43Y39         FDRE                                         r  led_blinking_unit/counter_reg[7]/C
  -------------------------------------------------------------------    -------------------
    SLICE_X43Y39         FDRE (Prop_fdre_C_Q)         0.141     1.645 r  led_blinking_unit/counter_reg[7]/Q
                         net (fo=2, routed)           0.120     1.766    led_blinking_unit/counter_reg[7]
    SLICE_X43Y39         CARRY4 (Prop_carry4_S[3]_O[3])
                                                      0.108     1.874 r  led_blinking_unit/counter_reg[4]_i_1/O[3]
                         net (fo=1, routed)           0.000     1.874    led_blinking_unit/counter_reg[4]_i_1_n_4
    SLICE_X43Y39         FDRE                                         r  led_blinking_unit/counter_reg[7]/D
  -------------------------------------------------------------------    -------------------

                         (clock sys_clk_pin rise edge)
                                                      0.000     0.000 r  
    K17                                               0.000     0.000 r  sys_clk (IN)
                         net (fo=0)                   0.000     0.000    sys_clk
    K17                  IBUF (Prop_ibuf_I_O)         0.447     0.447 r  sys_clk_IBUF_inst/O
                         net (fo=1, routed)           0.683     1.130    sys_clk_IBUF
    BUFGCTRL_X0Y16       BUFG (Prop_bufg_I_O)         0.029     1.159 r  sys_clk_IBUF_BUFG_inst/O
                         net (fo=27, routed)          0.861     2.020    led_blinking_unit/sys_clk
    SLICE_X43Y39         FDRE                                         r  led_blinking_unit/counter_reg[7]/C
                         clock pessimism             -0.516     1.504    
    SLICE_X43Y39         FDRE (Hold_fdre_C_D)         0.105     1.609    led_blinking_unit/counter_reg[7]
  -------------------------------------------------------------------
                         required time                         -1.609    
                         arrival time                           1.874    
  -------------------------------------------------------------------
                         slack                                  0.264    

Slack (MET) :             0.264ns  (arrival time - required time)
  Source:                 led_blinking_unit/counter_reg[11]/C
                            (rising edge-triggered cell FDRE clocked by sys_clk_pin  {rise@0.000ns fall@4.000ns period=8.000ns})
  Destination:            led_blinking_unit/counter_reg[11]/D
                            (rising edge-triggered cell FDRE clocked by sys_clk_pin  {rise@0.000ns fall@4.000ns period=8.000ns})
  Path Group:             sys_clk_pin
  Path Type:              Hold (Min at Fast Process Corner)
  Requirement:            0.000ns  (sys_clk_pin rise@0.000ns - sys_clk_pin rise@0.000ns)
  Data Path Delay:        0.369ns  (logic 0.249ns (67.412%)  route 0.120ns (32.588%))
  Logic Levels:           1  (CARRY4=1)
  Clock Path Skew:        0.000ns (DCD - SCD - CPR)
    Destination Clock Delay (DCD):    2.021ns
    Source Clock Delay      (SCD):    1.505ns
    Clock Pessimism Removal (CPR):    0.516ns

    Location             Delay type                Incr(ns)  Path(ns)    Netlist Resource(s)
  -------------------------------------------------------------------    -------------------
                         (clock sys_clk_pin rise edge)
                                                      0.000     0.000 r  
    K17                                               0.000     0.000 r  sys_clk (IN)
                         net (fo=0)                   0.000     0.000    sys_clk
    K17                  IBUF (Prop_ibuf_I_O)         0.259     0.259 r  sys_clk_IBUF_inst/O
                         net (fo=1, routed)           0.627     0.887    sys_clk_IBUF
    BUFGCTRL_X0Y16       BUFG (Prop_bufg_I_O)         0.026     0.913 r  sys_clk_IBUF_BUFG_inst/O
                         net (fo=27, routed)          0.593     1.505    led_blinking_unit/sys_clk
    SLICE_X43Y40         FDRE                                         r  led_blinking_unit/counter_reg[11]/C
  -------------------------------------------------------------------    -------------------
    SLICE_X43Y40         FDRE (Prop_fdre_C_Q)         0.141     1.646 r  led_blinking_unit/counter_reg[11]/Q
                         net (fo=2, routed)           0.120     1.767    led_blinking_unit/counter_reg[11]
    SLICE_X43Y40         CARRY4 (Prop_carry4_S[3]_O[3])
                                                      0.108     1.875 r  led_blinking_unit/counter_reg[8]_i_1/O[3]
                         net (fo=1, routed)           0.000     1.875    led_blinking_unit/counter_reg[8]_i_1_n_4
    SLICE_X43Y40         FDRE                                         r  led_blinking_unit/counter_reg[11]/D
  -------------------------------------------------------------------    -------------------

                         (clock sys_clk_pin rise edge)
                                                      0.000     0.000 r  
    K17                                               0.000     0.000 r  sys_clk (IN)
                         net (fo=0)                   0.000     0.000    sys_clk
    K17                  IBUF (Prop_ibuf_I_O)         0.447     0.447 r  sys_clk_IBUF_inst/O
                         net (fo=1, routed)           0.683     1.130    sys_clk_IBUF
    BUFGCTRL_X0Y16       BUFG (Prop_bufg_I_O)         0.029     1.159 r  sys_clk_IBUF_BUFG_inst/O
                         net (fo=27, routed)          0.862     2.021    led_blinking_unit/sys_clk
    SLICE_X43Y40         FDRE                                         r  led_blinking_unit/counter_reg[11]/C
                         clock pessimism             -0.516     1.505    
    SLICE_X43Y40         FDRE (Hold_fdre_C_D)         0.105     1.610    led_blinking_unit/counter_reg[11]
  -------------------------------------------------------------------
                         required time                         -1.610    
                         arrival time                           1.875    
  -------------------------------------------------------------------
                         slack                                  0.264    

Slack (MET) :             0.264ns  (arrival time - required time)
  Source:                 led_blinking_unit/counter_reg[3]/C
                            (rising edge-triggered cell FDRE clocked by sys_clk_pin  {rise@0.000ns fall@4.000ns period=8.000ns})
  Destination:            led_blinking_unit/counter_reg[3]/D
                            (rising edge-triggered cell FDRE clocked by sys_clk_pin  {rise@0.000ns fall@4.000ns period=8.000ns})
  Path Group:             sys_clk_pin
  Path Type:              Hold (Min at Fast Process Corner)
  Requirement:            0.000ns  (sys_clk_pin rise@0.000ns - sys_clk_pin rise@0.000ns)
  Data Path Delay:        0.369ns  (logic 0.249ns (67.412%)  route 0.120ns (32.588%))
  Logic Levels:           1  (CARRY4=1)
  Clock Path Skew:        0.000ns (DCD - SCD - CPR)
    Destination Clock Delay (DCD):    2.020ns
    Source Clock Delay      (SCD):    1.504ns
    Clock Pessimism Removal (CPR):    0.516ns

    Location             Delay type                Incr(ns)  Path(ns)    Netlist Resource(s)
  -------------------------------------------------------------------    -------------------
                         (clock sys_clk_pin rise edge)
                                                      0.000     0.000 r  
    K17                                               0.000     0.000 r  sys_clk (IN)
                         net (fo=0)                   0.000     0.000    sys_clk
    K17                  IBUF (Prop_ibuf_I_O)         0.259     0.259 r  sys_clk_IBUF_inst/O
                         net (fo=1, routed)           0.627     0.887    sys_clk_IBUF
    BUFGCTRL_X0Y16       BUFG (Prop_bufg_I_O)         0.026     0.913 r  sys_clk_IBUF_BUFG_inst/O
                         net (fo=27, routed)          0.592     1.504    led_blinking_unit/sys_clk
    SLICE_X43Y38         FDRE                                         r  led_blinking_unit/counter_reg[3]/C
  -------------------------------------------------------------------    -------------------
    SLICE_X43Y38         FDRE (Prop_fdre_C_Q)         0.141     1.645 r  led_blinking_unit/counter_reg[3]/Q
                         net (fo=2, routed)           0.120     1.766    led_blinking_unit/counter_reg[3]
    SLICE_X43Y38         CARRY4 (Prop_carry4_S[3]_O[3])
                                                      0.108     1.874 r  led_blinking_unit/counter_reg[0]_i_2/O[3]
                         net (fo=1, routed)           0.000     1.874    led_blinking_unit/counter_reg[0]_i_2_n_4
    SLICE_X43Y38         FDRE                                         r  led_blinking_unit/counter_reg[3]/D
  -------------------------------------------------------------------    -------------------

                         (clock sys_clk_pin rise edge)
                                                      0.000     0.000 r  
    K17                                               0.000     0.000 r  sys_clk (IN)
                         net (fo=0)                   0.000     0.000    sys_clk
    K17                  IBUF (Prop_ibuf_I_O)         0.447     0.447 r  sys_clk_IBUF_inst/O
                         net (fo=1, routed)           0.683     1.130    sys_clk_IBUF
    BUFGCTRL_X0Y16       BUFG (Prop_bufg_I_O)         0.029     1.159 r  sys_clk_IBUF_BUFG_inst/O
                         net (fo=27, routed)          0.861     2.020    led_blinking_unit/sys_clk
    SLICE_X43Y38         FDRE                                         r  led_blinking_unit/counter_reg[3]/C
                         clock pessimism             -0.516     1.504    
    SLICE_X43Y38         FDRE (Hold_fdre_C_D)         0.105     1.609    led_blinking_unit/counter_reg[3]
  -------------------------------------------------------------------
                         required time                         -1.609    
                         arrival time                           1.874    
  -------------------------------------------------------------------
                         slack                                  0.264    

Slack (MET) :             0.265ns  (arrival time - required time)
  Source:                 led_blinking_unit/counter_reg[12]/C
                            (rising edge-triggered cell FDRE clocked by sys_clk_pin  {rise@0.000ns fall@4.000ns period=8.000ns})
  Destination:            led_blinking_unit/counter_reg[12]/D
                            (rising edge-triggered cell FDRE clocked by sys_clk_pin  {rise@0.000ns fall@4.000ns period=8.000ns})
  Path Group:             sys_clk_pin
  Path Type:              Hold (Min at Fast Process Corner)
  Requirement:            0.000ns  (sys_clk_pin rise@0.000ns - sys_clk_pin rise@0.000ns)
  Data Path Delay:        0.370ns  (logic 0.256ns (69.150%)  route 0.114ns (30.850%))
  Logic Levels:           1  (CARRY4=1)
  Clock Path Skew:        0.000ns (DCD - SCD - CPR)
    Destination Clock Delay (DCD):    2.021ns
    Source Clock Delay      (SCD):    1.505ns
    Clock Pessimism Removal (CPR):    0.516ns

    Location             Delay type                Incr(ns)  Path(ns)    Netlist Resource(s)
  -------------------------------------------------------------------    -------------------
                         (clock sys_clk_pin rise edge)
                                                      0.000     0.000 r  
    K17                                               0.000     0.000 r  sys_clk (IN)
                         net (fo=0)                   0.000     0.000    sys_clk
    K17                  IBUF (Prop_ibuf_I_O)         0.259     0.259 r  sys_clk_IBUF_inst/O
                         net (fo=1, routed)           0.627     0.887    sys_clk_IBUF
    BUFGCTRL_X0Y16       BUFG (Prop_bufg_I_O)         0.026     0.913 r  sys_clk_IBUF_BUFG_inst/O
                         net (fo=27, routed)          0.593     1.505    led_blinking_unit/sys_clk
    SLICE_X43Y41         FDRE                                         r  led_blinking_unit/counter_reg[12]/C
  -------------------------------------------------------------------    -------------------
    SLICE_X43Y41         FDRE (Prop_fdre_C_Q)         0.141     1.646 r  led_blinking_unit/counter_reg[12]/Q
                         net (fo=2, routed)           0.114     1.760    led_blinking_unit/counter_reg[12]
    SLICE_X43Y41         CARRY4 (Prop_carry4_S[0]_O[0])
                                                      0.115     1.875 r  led_blinking_unit/counter_reg[12]_i_1/O[0]
                         net (fo=1, routed)           0.000     1.875    led_blinking_unit/counter_reg[12]_i_1_n_7
    SLICE_X43Y41         FDRE                                         r  led_blinking_unit/counter_reg[12]/D
  -------------------------------------------------------------------    -------------------

                         (clock sys_clk_pin rise edge)
                                                      0.000     0.000 r  
    K17                                               0.000     0.000 r  sys_clk (IN)
                         net (fo=0)                   0.000     0.000    sys_clk
    K17                  IBUF (Prop_ibuf_I_O)         0.447     0.447 r  sys_clk_IBUF_inst/O
                         net (fo=1, routed)           0.683     1.130    sys_clk_IBUF
    BUFGCTRL_X0Y16       BUFG (Prop_bufg_I_O)         0.029     1.159 r  sys_clk_IBUF_BUFG_inst/O
                         net (fo=27, routed)          0.862     2.021    led_blinking_unit/sys_clk
    SLICE_X43Y41         FDRE                                         r  led_blinking_unit/counter_reg[12]/C
                         clock pessimism             -0.516     1.505    
    SLICE_X43Y41         FDRE (Hold_fdre_C_D)         0.105     1.610    led_blinking_unit/counter_reg[12]
  -------------------------------------------------------------------
                         required time                         -1.610    
                         arrival time                           1.875    
  -------------------------------------------------------------------
                         slack                                  0.265    

Slack (MET) :             0.267ns  (arrival time - required time)
  Source:                 led_blinking_unit/counter_reg[16]/C
                            (rising edge-triggered cell FDRE clocked by sys_clk_pin  {rise@0.000ns fall@4.000ns period=8.000ns})
  Destination:            led_blinking_unit/counter_reg[16]/D
                            (rising edge-triggered cell FDRE clocked by sys_clk_pin  {rise@0.000ns fall@4.000ns period=8.000ns})
  Path Group:             sys_clk_pin
  Path Type:              Hold (Min at Fast Process Corner)
  Requirement:            0.000ns  (sys_clk_pin rise@0.000ns - sys_clk_pin rise@0.000ns)
  Data Path Delay:        0.372ns  (logic 0.256ns (68.766%)  route 0.116ns (31.234%))
  Logic Levels:           1  (CARRY4=1)
  Clock Path Skew:        0.000ns (DCD - SCD - CPR)
    Destination Clock Delay (DCD):    2.021ns
    Source Clock Delay      (SCD):    1.505ns
    Clock Pessimism Removal (CPR):    0.516ns

    Location             Delay type                Incr(ns)  Path(ns)    Netlist Resource(s)
  -------------------------------------------------------------------    -------------------
                         (clock sys_clk_pin rise edge)
                                                      0.000     0.000 r  
    K17                                               0.000     0.000 r  sys_clk (IN)
                         net (fo=0)                   0.000     0.000    sys_clk
    K17                  IBUF (Prop_ibuf_I_O)         0.259     0.259 r  sys_clk_IBUF_inst/O
                         net (fo=1, routed)           0.627     0.887    sys_clk_IBUF
    BUFGCTRL_X0Y16       BUFG (Prop_bufg_I_O)         0.026     0.913 r  sys_clk_IBUF_BUFG_inst/O
                         net (fo=27, routed)          0.593     1.505    led_blinking_unit/sys_clk
    SLICE_X43Y42         FDRE                                         r  led_blinking_unit/counter_reg[16]/C
  -------------------------------------------------------------------    -------------------
    SLICE_X43Y42         FDRE (Prop_fdre_C_Q)         0.141     1.646 r  led_blinking_unit/counter_reg[16]/Q
                         net (fo=2, routed)           0.116     1.762    led_blinking_unit/counter_reg[16]
    SLICE_X43Y42         CARRY4 (Prop_carry4_S[0]_O[0])
                                                      0.115     1.877 r  led_blinking_unit/counter_reg[16]_i_1/O[0]
                         net (fo=1, routed)           0.000     1.877    led_blinking_unit/counter_reg[16]_i_1_n_7
    SLICE_X43Y42         FDRE                                         r  led_blinking_unit/counter_reg[16]/D
  -------------------------------------------------------------------    -------------------

                         (clock sys_clk_pin rise edge)
                                                      0.000     0.000 r  
    K17                                               0.000     0.000 r  sys_clk (IN)
                         net (fo=0)                   0.000     0.000    sys_clk
    K17                  IBUF (Prop_ibuf_I_O)         0.447     0.447 r  sys_clk_IBUF_inst/O
                         net (fo=1, routed)           0.683     1.130    sys_clk_IBUF
    BUFGCTRL_X0Y16       BUFG (Prop_bufg_I_O)         0.029     1.159 r  sys_clk_IBUF_BUFG_inst/O
                         net (fo=27, routed)          0.862     2.021    led_blinking_unit/sys_clk
    SLICE_X43Y42         FDRE                                         r  led_blinking_unit/counter_reg[16]/C
                         clock pessimism             -0.516     1.505    
    SLICE_X43Y42         FDRE (Hold_fdre_C_D)         0.105     1.610    led_blinking_unit/counter_reg[16]
  -------------------------------------------------------------------
                         required time                         -1.610    
                         arrival time                           1.877    
  -------------------------------------------------------------------
                         slack                                  0.267    

Slack (MET) :             0.267ns  (arrival time - required time)
  Source:                 led_blinking_unit/counter_reg[8]/C
                            (rising edge-triggered cell FDRE clocked by sys_clk_pin  {rise@0.000ns fall@4.000ns period=8.000ns})
  Destination:            led_blinking_unit/counter_reg[8]/D
                            (rising edge-triggered cell FDRE clocked by sys_clk_pin  {rise@0.000ns fall@4.000ns period=8.000ns})
  Path Group:             sys_clk_pin
  Path Type:              Hold (Min at Fast Process Corner)
  Requirement:            0.000ns  (sys_clk_pin rise@0.000ns - sys_clk_pin rise@0.000ns)
  Data Path Delay:        0.372ns  (logic 0.256ns (68.766%)  route 0.116ns (31.234%))
  Logic Levels:           1  (CARRY4=1)
  Clock Path Skew:        0.000ns (DCD - SCD - CPR)
    Destination Clock Delay (DCD):    2.021ns
    Source Clock Delay      (SCD):    1.505ns
    Clock Pessimism Removal (CPR):    0.516ns

    Location             Delay type                Incr(ns)  Path(ns)    Netlist Resource(s)
  -------------------------------------------------------------------    -------------------
                         (clock sys_clk_pin rise edge)
                                                      0.000     0.000 r  
    K17                                               0.000     0.000 r  sys_clk (IN)
                         net (fo=0)                   0.000     0.000    sys_clk
    K17                  IBUF (Prop_ibuf_I_O)         0.259     0.259 r  sys_clk_IBUF_inst/O
                         net (fo=1, routed)           0.627     0.887    sys_clk_IBUF
    BUFGCTRL_X0Y16       BUFG (Prop_bufg_I_O)         0.026     0.913 r  sys_clk_IBUF_BUFG_inst/O
                         net (fo=27, routed)          0.593     1.505    led_blinking_unit/sys_clk
    SLICE_X43Y40         FDRE                                         r  led_blinking_unit/counter_reg[8]/C
  -------------------------------------------------------------------    -------------------
    SLICE_X43Y40         FDRE (Prop_fdre_C_Q)         0.141     1.646 r  led_blinking_unit/counter_reg[8]/Q
                         net (fo=2, routed)           0.116     1.762    led_blinking_unit/counter_reg[8]
    SLICE_X43Y40         CARRY4 (Prop_carry4_S[0]_O[0])
                                                      0.115     1.877 r  led_blinking_unit/counter_reg[8]_i_1/O[0]
                         net (fo=1, routed)           0.000     1.877    led_blinking_unit/counter_reg[8]_i_1_n_7
    SLICE_X43Y40         FDRE                                         r  led_blinking_unit/counter_reg[8]/D
  -------------------------------------------------------------------    -------------------

                         (clock sys_clk_pin rise edge)
                                                      0.000     0.000 r  
    K17                                               0.000     0.000 r  sys_clk (IN)
                         net (fo=0)                   0.000     0.000    sys_clk
    K17                  IBUF (Prop_ibuf_I_O)         0.447     0.447 r  sys_clk_IBUF_inst/O
                         net (fo=1, routed)           0.683     1.130    sys_clk_IBUF
    BUFGCTRL_X0Y16       BUFG (Prop_bufg_I_O)         0.029     1.159 r  sys_clk_IBUF_BUFG_inst/O
                         net (fo=27, routed)          0.862     2.021    led_blinking_unit/sys_clk
    SLICE_X43Y40         FDRE                                         r  led_blinking_unit/counter_reg[8]/C
                         clock pessimism             -0.516     1.505    
    SLICE_X43Y40         FDRE (Hold_fdre_C_D)         0.105     1.610    led_blinking_unit/counter_reg[8]
  -------------------------------------------------------------------
                         required time                         -1.610    
                         arrival time                           1.877    
  -------------------------------------------------------------------
                         slack                                  0.267    





Pulse Width Checks
--------------------------------------------------------------------------------------
Clock Name:         sys_clk_pin
Waveform(ns):       { 0.000 4.000 }
Period(ns):         8.000
Sources:            { sys_clk }

Check Type        Corner  Lib Pin  Reference Pin  Required(ns)  Actual(ns)  Slack(ns)  Location        Pin
Min Period        n/a     BUFG/I   n/a            2.155         8.000       5.845      BUFGCTRL_X0Y16  sys_clk_IBUF_BUFG_inst/I
Min Period        n/a     FDRE/C   n/a            1.000         8.000       7.000      SLICE_X43Y38    led_blinking_unit/counter_reg[0]/C
Min Period        n/a     FDRE/C   n/a            1.000         8.000       7.000      SLICE_X43Y40    led_blinking_unit/counter_reg[10]/C
Min Period        n/a     FDRE/C   n/a            1.000         8.000       7.000      SLICE_X43Y40    led_blinking_unit/counter_reg[11]/C
Min Period        n/a     FDRE/C   n/a            1.000         8.000       7.000      SLICE_X43Y41    led_blinking_unit/counter_reg[12]/C
Min Period        n/a     FDRE/C   n/a            1.000         8.000       7.000      SLICE_X43Y41    led_blinking_unit/counter_reg[13]/C
Min Period        n/a     FDRE/C   n/a            1.000         8.000       7.000      SLICE_X43Y41    led_blinking_unit/counter_reg[14]/C
Min Period        n/a     FDRE/C   n/a            1.000         8.000       7.000      SLICE_X43Y41    led_blinking_unit/counter_reg[15]/C
Min Period        n/a     FDRE/C   n/a            1.000         8.000       7.000      SLICE_X43Y42    led_blinking_unit/counter_reg[16]/C
Min Period        n/a     FDRE/C   n/a            1.000         8.000       7.000      SLICE_X43Y42    led_blinking_unit/counter_reg[17]/C
Low Pulse Width   Slow    FDRE/C   n/a            0.500         4.000       3.500      SLICE_X43Y38    led_blinking_unit/counter_reg[0]/C
Low Pulse Width   Fast    FDRE/C   n/a            0.500         4.000       3.500      SLICE_X43Y38    led_blinking_unit/counter_reg[0]/C
Low Pulse Width   Slow    FDRE/C   n/a            0.500         4.000       3.500      SLICE_X43Y40    led_blinking_unit/counter_reg[10]/C
Low Pulse Width   Fast    FDRE/C   n/a            0.500         4.000       3.500      SLICE_X43Y40    led_blinking_unit/counter_reg[10]/C
Low Pulse Width   Slow    FDRE/C   n/a            0.500         4.000       3.500      SLICE_X43Y40    led_blinking_unit/counter_reg[11]/C
Low Pulse Width   Fast    FDRE/C   n/a            0.500         4.000       3.500      SLICE_X43Y40    led_blinking_unit/counter_reg[11]/C
Low Pulse Width   Slow    FDRE/C   n/a            0.500         4.000       3.500      SLICE_X43Y41    led_blinking_unit/counter_reg[12]/C
Low Pulse Width   Fast    FDRE/C   n/a            0.500         4.000       3.500      SLICE_X43Y41    led_blinking_unit/counter_reg[12]/C
Low Pulse Width   Slow    FDRE/C   n/a            0.500         4.000       3.500      SLICE_X43Y41    led_blinking_unit/counter_reg[13]/C
Low Pulse Width   Fast    FDRE/C   n/a            0.500         4.000       3.500      SLICE_X43Y41    led_blinking_unit/counter_reg[13]/C
High Pulse Width  Slow    FDRE/C   n/a            0.500         4.000       3.500      SLICE_X43Y38    led_blinking_unit/counter_reg[0]/C
High Pulse Width  Fast    FDRE/C   n/a            0.500         4.000       3.500      SLICE_X43Y38    led_blinking_unit/counter_reg[0]/C
High Pulse Width  Slow    FDRE/C   n/a            0.500         4.000       3.500      SLICE_X43Y40    led_blinking_unit/counter_reg[10]/C
High Pulse Width  Fast    FDRE/C   n/a            0.500         4.000       3.500      SLICE_X43Y40    led_blinking_unit/counter_reg[10]/C
High Pulse Width  Slow    FDRE/C   n/a            0.500         4.000       3.500      SLICE_X43Y40    led_blinking_unit/counter_reg[11]/C
High Pulse Width  Fast    FDRE/C   n/a            0.500         4.000       3.500      SLICE_X43Y40    led_blinking_unit/counter_reg[11]/C
High Pulse Width  Slow    FDRE/C   n/a            0.500         4.000       3.500      SLICE_X43Y41    led_blinking_unit/counter_reg[12]/C
High Pulse Width  Fast    FDRE/C   n/a            0.500         4.000       3.500      SLICE_X43Y41    led_blinking_unit/counter_reg[12]/C
High Pulse Width  Slow    FDRE/C   n/a            0.500         4.000       3.500      SLICE_X43Y41    led_blinking_unit/counter_reg[13]/C
High Pulse Width  Fast    FDRE/C   n/a            0.500         4.000       3.500      SLICE_X43Y41    led_blinking_unit/counter_reg[13]/C



--------------------------------------------------------------------------------------
Path Group:  (none)
From Clock:  
  To Clock:  

Max Delay             3 Endpoints
Min Delay             3 Endpoints
--------------------------------------------------------------------------------------


Max Delay Paths
--------------------------------------------------------------------------------------
Slack:                    inf
  Source:                 sw[0]
                            (input port)
  Destination:            rgb_out[1]
                            (output port)
  Path Group:             (none)
  Path Type:              Max at Slow Process Corner
  Data Path Delay:        10.305ns  (logic 5.086ns (49.357%)  route 5.219ns (50.643%))
  Logic Levels:           3  (IBUF=1 LUT4=1 OBUF=1)

    Location             Delay type                Incr(ns)  Path(ns)    Netlist Resource(s)
  -------------------------------------------------------------------    -------------------
    P15                                               0.000     0.000 f  sw[0] (IN)
                         net (fo=0)                   0.000     0.000    sw[0]
    P15                  IBUF (Prop_ibuf_I_O)         1.451     1.451 f  sw_IBUF[0]_inst/O
                         net (fo=5, routed)           1.934     3.385    led_blinking_unit/sw_IBUF[0]
    SLICE_X42Y42         LUT4 (Prop_lut4_I3_O)        0.124     3.509 r  led_blinking_unit/rgb_out_OBUF[1]_inst_i_1/O
                         net (fo=1, routed)           3.285     6.793    rgb_out_OBUF[1]
    F17                  OBUF (Prop_obuf_I_O)         3.511    10.305 r  rgb_out_OBUF[1]_inst/O
                         net (fo=0)                   0.000    10.305    rgb_out[1]
    F17                                                               r  rgb_out[1] (OUT)
  -------------------------------------------------------------------    -------------------

Slack:                    inf
  Source:                 sw[0]
                            (input port)
  Destination:            rgb_out[2]
                            (output port)
  Path Group:             (none)
  Path Type:              Max at Slow Process Corner
  Data Path Delay:        10.245ns  (logic 5.170ns (50.470%)  route 5.074ns (49.530%))
  Logic Levels:           3  (IBUF=1 LUT4=1 OBUF=1)

    Location             Delay type                Incr(ns)  Path(ns)    Netlist Resource(s)
  -------------------------------------------------------------------    -------------------
    P15                                               0.000     0.000 f  sw[0] (IN)
                         net (fo=0)                   0.000     0.000    sw[0]
    P15                  IBUF (Prop_ibuf_I_O)         1.451     1.451 f  sw_IBUF[0]_inst/O
                         net (fo=5, routed)           2.215     3.666    led_blinking_unit/sw_IBUF[0]
    SLICE_X42Y42         LUT4 (Prop_lut4_I2_O)        0.124     3.790 r  led_blinking_unit/rgb_out_OBUF[2]_inst_i_1/O
                         net (fo=1, routed)           2.859     6.649    rgb_out_OBUF[2]
    M17                  OBUF (Prop_obuf_I_O)         3.596    10.245 r  rgb_out_OBUF[2]_inst/O
                         net (fo=0)                   0.000    10.245    rgb_out[2]
    M17                                                               r  rgb_out[2] (OUT)
  -------------------------------------------------------------------    -------------------

Slack:                    inf
  Source:                 sw[0]
                            (input port)
  Destination:            rgb_out[0]
                            (output port)
  Path Group:             (none)
  Path Type:              Max at Slow Process Corner
  Data Path Delay:        10.112ns  (logic 5.331ns (52.714%)  route 4.782ns (47.286%))
  Logic Levels:           3  (IBUF=1 LUT4=1 OBUF=1)

    Location             Delay type                Incr(ns)  Path(ns)    Netlist Resource(s)
  -------------------------------------------------------------------    -------------------
    P15                                               0.000     0.000 r  sw[0] (IN)
                         net (fo=0)                   0.000     0.000    sw[0]
    P15                  IBUF (Prop_ibuf_I_O)         1.451     1.451 r  sw_IBUF[0]_inst/O
                         net (fo=5, routed)           2.215     3.666    led_blinking_unit/sw_IBUF[0]
    SLICE_X42Y42         LUT4 (Prop_lut4_I1_O)        0.150     3.816 r  led_blinking_unit/rgb_out_OBUF[0]_inst_i_1/O
                         net (fo=1, routed)           2.567     6.382    rgb_out_OBUF[0]
    V16                  OBUF (Prop_obuf_I_O)         3.730    10.112 r  rgb_out_OBUF[0]_inst/O
                         net (fo=0)                   0.000    10.112    rgb_out[0]
    V16                                                               r  rgb_out[0] (OUT)
  -------------------------------------------------------------------    -------------------





Min Delay Paths
--------------------------------------------------------------------------------------
Slack:                    inf
  Source:                 sw[1]
                            (input port)
  Destination:            rgb_out[0]
                            (output port)
  Path Group:             (none)
  Path Type:              Min at Fast Process Corner
  Data Path Delay:        2.794ns  (logic 1.647ns (58.962%)  route 1.146ns (41.038%))
  Logic Levels:           3  (IBUF=1 LUT4=1 OBUF=1)

    Location             Delay type                Incr(ns)  Path(ns)    Netlist Resource(s)
  -------------------------------------------------------------------    -------------------
    W13                                               0.000     0.000 f  sw[1] (IN)
                         net (fo=0)                   0.000     0.000    sw[1]
    W13                  IBUF (Prop_ibuf_I_O)         0.306     0.306 f  sw_IBUF[1]_inst/O
                         net (fo=5, routed)           0.412     0.718    led_blinking_unit/sw_IBUF[1]
    SLICE_X42Y42         LUT4 (Prop_lut4_I2_O)        0.048     0.766 r  led_blinking_unit/rgb_out_OBUF[0]_inst_i_1/O
                         net (fo=1, routed)           0.735     1.501    rgb_out_OBUF[0]
    V16                  OBUF (Prop_obuf_I_O)         1.293     2.794 r  rgb_out_OBUF[0]_inst/O
                         net (fo=0)                   0.000     2.794    rgb_out[0]
    V16                                                               r  rgb_out[0] (OUT)
  -------------------------------------------------------------------    -------------------

Slack:                    inf
  Source:                 sw[1]
                            (input port)
  Destination:            rgb_out[2]
                            (output port)
  Path Group:             (none)
  Path Type:              Min at Fast Process Corner
  Data Path Delay:        2.890ns  (logic 1.647ns (56.997%)  route 1.243ns (43.003%))
  Logic Levels:           3  (IBUF=1 LUT4=1 OBUF=1)

    Location             Delay type                Incr(ns)  Path(ns)    Netlist Resource(s)
  -------------------------------------------------------------------    -------------------
    W13                                               0.000     0.000 f  sw[1] (IN)
                         net (fo=0)                   0.000     0.000    sw[1]
    W13                  IBUF (Prop_ibuf_I_O)         0.306     0.306 f  sw_IBUF[1]_inst/O
                         net (fo=5, routed)           0.412     0.718    led_blinking_unit/sw_IBUF[1]
    SLICE_X42Y42         LUT4 (Prop_lut4_I3_O)        0.045     0.763 r  led_blinking_unit/rgb_out_OBUF[2]_inst_i_1/O
                         net (fo=1, routed)           0.831     1.594    rgb_out_OBUF[2]
    M17                  OBUF (Prop_obuf_I_O)         1.296     2.890 r  rgb_out_OBUF[2]_inst/O
                         net (fo=0)                   0.000     2.890    rgb_out[2]
    M17                                                               r  rgb_out[2] (OUT)
  -------------------------------------------------------------------    -------------------

Slack:                    inf
  Source:                 sw[1]
                            (input port)
  Destination:            rgb_out[1]
                            (output port)
  Path Group:             (none)
  Path Type:              Min at Fast Process Corner
  Data Path Delay:        3.113ns  (logic 1.564ns (50.231%)  route 1.549ns (49.769%))
  Logic Levels:           3  (IBUF=1 LUT4=1 OBUF=1)

    Location             Delay type                Incr(ns)  Path(ns)    Netlist Resource(s)
  -------------------------------------------------------------------    -------------------
    W13                                               0.000     0.000 r  sw[1] (IN)
                         net (fo=0)                   0.000     0.000    sw[1]
    W13                  IBUF (Prop_ibuf_I_O)         0.306     0.306 r  sw_IBUF[1]_inst/O
                         net (fo=5, routed)           0.519     0.825    led_blinking_unit/sw_IBUF[1]
    SLICE_X42Y42         LUT4 (Prop_lut4_I2_O)        0.045     0.870 r  led_blinking_unit/rgb_out_OBUF[1]_inst_i_1/O
                         net (fo=1, routed)           1.031     1.901    rgb_out_OBUF[1]
    F17                  OBUF (Prop_obuf_I_O)         1.212     3.113 r  rgb_out_OBUF[1]_inst/O
                         net (fo=0)                   0.000     3.113    rgb_out[1]
    F17                                                               r  rgb_out[1] (OUT)
  -------------------------------------------------------------------    -------------------





--------------------------------------------------------------------------------------
Path Group:  (none)
From Clock:  sys_clk_pin
  To Clock:  

Max Delay             3 Endpoints
Min Delay             3 Endpoints
--------------------------------------------------------------------------------------


Max Delay Paths
--------------------------------------------------------------------------------------
Slack:                    inf
  Source:                 led_blinking_unit/led_toggle_reg/C
                            (rising edge-triggered cell FDRE clocked by sys_clk_pin  {rise@0.000ns fall@4.000ns period=8.000ns})
  Destination:            rgb_out[1]
                            (output port)
  Path Group:             (none)
  Path Type:              Max at Slow Process Corner
  Data Path Delay:        8.458ns  (logic 4.153ns (49.101%)  route 4.305ns (50.899%))
  Logic Levels:           2  (LUT4=1 OBUF=1)
  Clock Uncertainty:      0.025ns  ((TSJ^2 + TIJ^2)^1/2 + DJ) / 2 + PE
    Total System Jitter     (TSJ):    0.050ns
    Total Input Jitter      (TIJ):    0.000ns
    Discrete Jitter          (DJ):    0.000ns
    Phase Error              (PE):    0.000ns

    Location             Delay type                Incr(ns)  Path(ns)    Netlist Resource(s)
  -------------------------------------------------------------------    -------------------
                         (clock sys_clk_pin rise edge)
                                                      0.000     0.000 r  
    K17                                               0.000     0.000 r  sys_clk (IN)
                         net (fo=0)                   0.000     0.000    sys_clk
    K17                  IBUF (Prop_ibuf_I_O)         1.492     1.492 r  sys_clk_IBUF_inst/O
                         net (fo=1, routed)           2.076     3.568    sys_clk_IBUF
    BUFGCTRL_X0Y16       BUFG (Prop_bufg_I_O)         0.101     3.669 r  sys_clk_IBUF_BUFG_inst/O
                         net (fo=27, routed)          1.756     5.425    led_blinking_unit/sys_clk
    SLICE_X42Y41         FDRE                                         r  led_blinking_unit/led_toggle_reg/C
  -------------------------------------------------------------------    -------------------
    SLICE_X42Y41         FDRE (Prop_fdre_C_Q)         0.518     5.943 r  led_blinking_unit/led_toggle_reg/Q
                         net (fo=4, routed)           1.021     6.963    led_blinking_unit/led_out
    SLICE_X42Y42         LUT4 (Prop_lut4_I0_O)        0.124     7.087 r  led_blinking_unit/rgb_out_OBUF[1]_inst_i_1/O
                         net (fo=1, routed)           3.285    10.372    rgb_out_OBUF[1]
    F17                  OBUF (Prop_obuf_I_O)         3.511    13.883 r  rgb_out_OBUF[1]_inst/O
                         net (fo=0)                   0.000    13.883    rgb_out[1]
    F17                                                               r  rgb_out[1] (OUT)
  -------------------------------------------------------------------    -------------------

Slack:                    inf
  Source:                 led_blinking_unit/led_toggle_reg/C
                            (rising edge-triggered cell FDRE clocked by sys_clk_pin  {rise@0.000ns fall@4.000ns period=8.000ns})
  Destination:            rgb_out[2]
                            (output port)
  Path Group:             (none)
  Path Type:              Max at Slow Process Corner
  Data Path Delay:        7.780ns  (logic 4.238ns (54.469%)  route 3.542ns (45.531%))
  Logic Levels:           2  (LUT4=1 OBUF=1)
  Clock Uncertainty:      0.025ns  ((TSJ^2 + TIJ^2)^1/2 + DJ) / 2 + PE
    Total System Jitter     (TSJ):    0.050ns
    Total Input Jitter      (TIJ):    0.000ns
    Discrete Jitter          (DJ):    0.000ns
    Phase Error              (PE):    0.000ns

    Location             Delay type                Incr(ns)  Path(ns)    Netlist Resource(s)
  -------------------------------------------------------------------    -------------------
                         (clock sys_clk_pin rise edge)
                                                      0.000     0.000 r  
    K17                                               0.000     0.000 r  sys_clk (IN)
                         net (fo=0)                   0.000     0.000    sys_clk
    K17                  IBUF (Prop_ibuf_I_O)         1.492     1.492 r  sys_clk_IBUF_inst/O
                         net (fo=1, routed)           2.076     3.568    sys_clk_IBUF
    BUFGCTRL_X0Y16       BUFG (Prop_bufg_I_O)         0.101     3.669 r  sys_clk_IBUF_BUFG_inst/O
                         net (fo=27, routed)          1.756     5.425    led_blinking_unit/sys_clk
    SLICE_X42Y41         FDRE                                         r  led_blinking_unit/led_toggle_reg/C
  -------------------------------------------------------------------    -------------------
    SLICE_X42Y41         FDRE (Prop_fdre_C_Q)         0.518     5.943 r  led_blinking_unit/led_toggle_reg/Q
                         net (fo=4, routed)           0.683     6.626    led_blinking_unit/led_out
    SLICE_X42Y42         LUT4 (Prop_lut4_I0_O)        0.124     6.750 r  led_blinking_unit/rgb_out_OBUF[2]_inst_i_1/O
                         net (fo=1, routed)           2.859     9.609    rgb_out_OBUF[2]
    M17                  OBUF (Prop_obuf_I_O)         3.596    13.205 r  rgb_out_OBUF[2]_inst/O
                         net (fo=0)                   0.000    13.205    rgb_out[2]
    M17                                                               r  rgb_out[2] (OUT)
  -------------------------------------------------------------------    -------------------

Slack:                    inf
  Source:                 led_blinking_unit/led_toggle_reg/C
                            (rising edge-triggered cell FDRE clocked by sys_clk_pin  {rise@0.000ns fall@4.000ns period=8.000ns})
  Destination:            rgb_out[0]
                            (output port)
  Path Group:             (none)
  Path Type:              Max at Slow Process Corner
  Data Path Delay:        7.646ns  (logic 4.396ns (57.494%)  route 3.250ns (42.506%))
  Logic Levels:           2  (LUT4=1 OBUF=1)
  Clock Uncertainty:      0.025ns  ((TSJ^2 + TIJ^2)^1/2 + DJ) / 2 + PE
    Total System Jitter     (TSJ):    0.050ns
    Total Input Jitter      (TIJ):    0.000ns
    Discrete Jitter          (DJ):    0.000ns
    Phase Error              (PE):    0.000ns

    Location             Delay type                Incr(ns)  Path(ns)    Netlist Resource(s)
  -------------------------------------------------------------------    -------------------
                         (clock sys_clk_pin rise edge)
                                                      0.000     0.000 r  
    K17                                               0.000     0.000 r  sys_clk (IN)
                         net (fo=0)                   0.000     0.000    sys_clk
    K17                  IBUF (Prop_ibuf_I_O)         1.492     1.492 r  sys_clk_IBUF_inst/O
                         net (fo=1, routed)           2.076     3.568    sys_clk_IBUF
    BUFGCTRL_X0Y16       BUFG (Prop_bufg_I_O)         0.101     3.669 r  sys_clk_IBUF_BUFG_inst/O
                         net (fo=27, routed)          1.756     5.425    led_blinking_unit/sys_clk
    SLICE_X42Y41         FDRE                                         r  led_blinking_unit/led_toggle_reg/C
  -------------------------------------------------------------------    -------------------
    SLICE_X42Y41         FDRE (Prop_fdre_C_Q)         0.518     5.943 r  led_blinking_unit/led_toggle_reg/Q
                         net (fo=4, routed)           0.683     6.626    led_blinking_unit/led_out
    SLICE_X42Y42         LUT4 (Prop_lut4_I0_O)        0.148     6.774 r  led_blinking_unit/rgb_out_OBUF[0]_inst_i_1/O
                         net (fo=1, routed)           2.567     9.341    rgb_out_OBUF[0]
    V16                  OBUF (Prop_obuf_I_O)         3.730    13.071 r  rgb_out_OBUF[0]_inst/O
                         net (fo=0)                   0.000    13.071    rgb_out[0]
    V16                                                               r  rgb_out[0] (OUT)
  -------------------------------------------------------------------    -------------------





Min Delay Paths
--------------------------------------------------------------------------------------
Slack:                    inf
  Source:                 led_blinking_unit/led_toggle_reg/C
                            (rising edge-triggered cell FDRE clocked by sys_clk_pin  {rise@0.000ns fall@4.000ns period=8.000ns})
  Destination:            rgb_out[0]
                            (output port)
  Path Group:             (none)
  Path Type:              Min at Fast Process Corner
  Data Path Delay:        2.474ns  (logic 1.500ns (60.629%)  route 0.974ns (39.371%))
  Logic Levels:           2  (LUT4=1 OBUF=1)
  Clock Uncertainty:      0.025ns  ((TSJ^2 + TIJ^2)^1/2 + DJ) / 2 + PE
    Total System Jitter     (TSJ):    0.050ns
    Total Input Jitter      (TIJ):    0.000ns
    Discrete Jitter          (DJ):    0.000ns
    Phase Error              (PE):    0.000ns

    Location             Delay type                Incr(ns)  Path(ns)    Netlist Resource(s)
  -------------------------------------------------------------------    -------------------
                         (clock sys_clk_pin rise edge)
                                                      0.000     0.000 r  
    K17                                               0.000     0.000 r  sys_clk (IN)
                         net (fo=0)                   0.000     0.000    sys_clk
    K17                  IBUF (Prop_ibuf_I_O)         0.259     0.259 r  sys_clk_IBUF_inst/O
                         net (fo=1, routed)           0.627     0.887    sys_clk_IBUF
    BUFGCTRL_X0Y16       BUFG (Prop_bufg_I_O)         0.026     0.913 r  sys_clk_IBUF_BUFG_inst/O
                         net (fo=27, routed)          0.593     1.505    led_blinking_unit/sys_clk
    SLICE_X42Y41         FDRE                                         r  led_blinking_unit/led_toggle_reg/C
  -------------------------------------------------------------------    -------------------
    SLICE_X42Y41         FDRE (Prop_fdre_C_Q)         0.164     1.669 r  led_blinking_unit/led_toggle_reg/Q
                         net (fo=4, routed)           0.239     1.908    led_blinking_unit/led_out
    SLICE_X42Y42         LUT4 (Prop_lut4_I0_O)        0.043     1.951 r  led_blinking_unit/rgb_out_OBUF[0]_inst_i_1/O
                         net (fo=1, routed)           0.735     2.686    rgb_out_OBUF[0]
    V16                  OBUF (Prop_obuf_I_O)         1.293     3.979 r  rgb_out_OBUF[0]_inst/O
                         net (fo=0)                   0.000     3.979    rgb_out[0]
    V16                                                               r  rgb_out[0] (OUT)
  -------------------------------------------------------------------    -------------------

Slack:                    inf
  Source:                 led_blinking_unit/led_toggle_reg/C
                            (rising edge-triggered cell FDRE clocked by sys_clk_pin  {rise@0.000ns fall@4.000ns period=8.000ns})
  Destination:            rgb_out[2]
                            (output port)
  Path Group:             (none)
  Path Type:              Min at Fast Process Corner
  Data Path Delay:        2.575ns  (logic 1.505ns (58.438%)  route 1.070ns (41.563%))
  Logic Levels:           2  (LUT4=1 OBUF=1)
  Clock Uncertainty:      0.025ns  ((TSJ^2 + TIJ^2)^1/2 + DJ) / 2 + PE
    Total System Jitter     (TSJ):    0.050ns
    Total Input Jitter      (TIJ):    0.000ns
    Discrete Jitter          (DJ):    0.000ns
    Phase Error              (PE):    0.000ns

    Location             Delay type                Incr(ns)  Path(ns)    Netlist Resource(s)
  -------------------------------------------------------------------    -------------------
                         (clock sys_clk_pin rise edge)
                                                      0.000     0.000 r  
    K17                                               0.000     0.000 r  sys_clk (IN)
                         net (fo=0)                   0.000     0.000    sys_clk
    K17                  IBUF (Prop_ibuf_I_O)         0.259     0.259 r  sys_clk_IBUF_inst/O
                         net (fo=1, routed)           0.627     0.887    sys_clk_IBUF
    BUFGCTRL_X0Y16       BUFG (Prop_bufg_I_O)         0.026     0.913 r  sys_clk_IBUF_BUFG_inst/O
                         net (fo=27, routed)          0.593     1.505    led_blinking_unit/sys_clk
    SLICE_X42Y41         FDRE                                         r  led_blinking_unit/led_toggle_reg/C
  -------------------------------------------------------------------    -------------------
    SLICE_X42Y41         FDRE (Prop_fdre_C_Q)         0.164     1.669 r  led_blinking_unit/led_toggle_reg/Q
                         net (fo=4, routed)           0.239     1.908    led_blinking_unit/led_out
    SLICE_X42Y42         LUT4 (Prop_lut4_I0_O)        0.045     1.953 r  led_blinking_unit/rgb_out_OBUF[2]_inst_i_1/O
                         net (fo=1, routed)           0.831     2.785    rgb_out_OBUF[2]
    M17                  OBUF (Prop_obuf_I_O)         1.296     4.081 r  rgb_out_OBUF[2]_inst/O
                         net (fo=0)                   0.000     4.081    rgb_out[2]
    M17                                                               r  rgb_out[2] (OUT)
  -------------------------------------------------------------------    -------------------

Slack:                    inf
  Source:                 led_blinking_unit/led_toggle_reg/C
                            (rising edge-triggered cell FDRE clocked by sys_clk_pin  {rise@0.000ns fall@4.000ns period=8.000ns})
  Destination:            rgb_out[1]
                            (output port)
  Path Group:             (none)
  Path Type:              Min at Fast Process Corner
  Data Path Delay:        2.779ns  (logic 1.421ns (51.153%)  route 1.357ns (48.847%))
  Logic Levels:           2  (LUT4=1 OBUF=1)
  Clock Uncertainty:      0.025ns  ((TSJ^2 + TIJ^2)^1/2 + DJ) / 2 + PE
    Total System Jitter     (TSJ):    0.050ns
    Total Input Jitter      (TIJ):    0.000ns
    Discrete Jitter          (DJ):    0.000ns
    Phase Error              (PE):    0.000ns

    Location             Delay type                Incr(ns)  Path(ns)    Netlist Resource(s)
  -------------------------------------------------------------------    -------------------
                         (clock sys_clk_pin rise edge)
                                                      0.000     0.000 r  
    K17                                               0.000     0.000 r  sys_clk (IN)
                         net (fo=0)                   0.000     0.000    sys_clk
    K17                  IBUF (Prop_ibuf_I_O)         0.259     0.259 r  sys_clk_IBUF_inst/O
                         net (fo=1, routed)           0.627     0.887    sys_clk_IBUF
    BUFGCTRL_X0Y16       BUFG (Prop_bufg_I_O)         0.026     0.913 r  sys_clk_IBUF_BUFG_inst/O
                         net (fo=27, routed)          0.593     1.505    led_blinking_unit/sys_clk
    SLICE_X42Y41         FDRE                                         r  led_blinking_unit/led_toggle_reg/C
  -------------------------------------------------------------------    -------------------
    SLICE_X42Y41         FDRE (Prop_fdre_C_Q)         0.164     1.669 r  led_blinking_unit/led_toggle_reg/Q
                         net (fo=4, routed)           0.327     1.996    led_blinking_unit/led_out
    SLICE_X42Y42         LUT4 (Prop_lut4_I0_O)        0.045     2.041 r  led_blinking_unit/rgb_out_OBUF[1]_inst_i_1/O
                         net (fo=1, routed)           1.031     3.071    rgb_out_OBUF[1]
    F17                  OBUF (Prop_obuf_I_O)         1.212     4.284 r  rgb_out_OBUF[1]_inst/O
                         net (fo=0)                   0.000     4.284    rgb_out[1]
    F17                                                               r  rgb_out[1] (OUT)
  -------------------------------------------------------------------    -------------------





--------------------------------------------------------------------------------------
Path Group:  (none)
From Clock:  
  To Clock:  sys_clk_pin

Max Delay            27 Endpoints
Min Delay            27 Endpoints
--------------------------------------------------------------------------------------


Max Delay Paths
--------------------------------------------------------------------------------------
Slack:                    inf
  Source:                 rst
                            (input port)
  Destination:            led_blinking_unit/counter_reg[12]/R
                            (rising edge-triggered cell FDRE clocked by sys_clk_pin  {rise@0.000ns fall@4.000ns period=8.000ns})
  Path Group:             (none)
  Path Type:              Setup (Max at Slow Process Corner)
  Data Path Delay:        4.779ns  (logic 1.613ns (33.748%)  route 3.166ns (66.252%))
  Logic Levels:           2  (IBUF=1 LUT5=1)
  Clock Path Skew:        4.970ns (DCD - SCD + CPR)
    Destination Clock Delay (DCD):    4.970ns
    Source Clock Delay      (SCD):    0.000ns
    Clock Pessimism Removal (CPR):    0.000ns
  Clock Uncertainty:      0.025ns  ((TSJ^2 + TIJ^2)^1/2 + DJ) / 2 + PE
    Total System Jitter     (TSJ):    0.050ns
    Total Input Jitter      (TIJ):    0.000ns
    Discrete Jitter          (DJ):    0.000ns
    Phase Error              (PE):    0.000ns

    Location             Delay type                Incr(ns)  Path(ns)    Netlist Resource(s)
  -------------------------------------------------------------------    -------------------
    K18                                               0.000     0.000 r  rst (IN)
                         net (fo=0)                   0.000     0.000    rst
    K18                  IBUF (Prop_ibuf_I_O)         1.489     1.489 r  rst_IBUF_inst/O
                         net (fo=2, routed)           2.507     3.995    led_blinking_unit/rst_IBUF
    SLICE_X42Y41         LUT5 (Prop_lut5_I3_O)        0.124     4.119 r  led_blinking_unit/counter[0]_i_1/O
                         net (fo=26, routed)          0.660     4.779    led_blinking_unit/counter[0]_i_1_n_0
    SLICE_X43Y41         FDRE                                         r  led_blinking_unit/counter_reg[12]/R
  -------------------------------------------------------------------    -------------------

                         (clock sys_clk_pin rise edge)
                                                      0.000     0.000 r  
    K17                                               0.000     0.000 r  sys_clk (IN)
                         net (fo=0)                   0.000     0.000    sys_clk
    K17                  IBUF (Prop_ibuf_I_O)         1.421     1.421 r  sys_clk_IBUF_inst/O
                         net (fo=1, routed)           1.880     3.301    sys_clk_IBUF
    BUFGCTRL_X0Y16       BUFG (Prop_bufg_I_O)         0.091     3.392 r  sys_clk_IBUF_BUFG_inst/O
                         net (fo=27, routed)          1.578     4.970    led_blinking_unit/sys_clk
    SLICE_X43Y41         FDRE                                         r  led_blinking_unit/counter_reg[12]/C

Slack:                    inf
  Source:                 rst
                            (input port)
  Destination:            led_blinking_unit/counter_reg[13]/R
                            (rising edge-triggered cell FDRE clocked by sys_clk_pin  {rise@0.000ns fall@4.000ns period=8.000ns})
  Path Group:             (none)
  Path Type:              Setup (Max at Slow Process Corner)
  Data Path Delay:        4.779ns  (logic 1.613ns (33.748%)  route 3.166ns (66.252%))
  Logic Levels:           2  (IBUF=1 LUT5=1)
  Clock Path Skew:        4.970ns (DCD - SCD + CPR)
    Destination Clock Delay (DCD):    4.970ns
    Source Clock Delay      (SCD):    0.000ns
    Clock Pessimism Removal (CPR):    0.000ns
  Clock Uncertainty:      0.025ns  ((TSJ^2 + TIJ^2)^1/2 + DJ) / 2 + PE
    Total System Jitter     (TSJ):    0.050ns
    Total Input Jitter      (TIJ):    0.000ns
    Discrete Jitter          (DJ):    0.000ns
    Phase Error              (PE):    0.000ns

    Location             Delay type                Incr(ns)  Path(ns)    Netlist Resource(s)
  -------------------------------------------------------------------    -------------------
    K18                                               0.000     0.000 r  rst (IN)
                         net (fo=0)                   0.000     0.000    rst
    K18                  IBUF (Prop_ibuf_I_O)         1.489     1.489 r  rst_IBUF_inst/O
                         net (fo=2, routed)           2.507     3.995    led_blinking_unit/rst_IBUF
    SLICE_X42Y41         LUT5 (Prop_lut5_I3_O)        0.124     4.119 r  led_blinking_unit/counter[0]_i_1/O
                         net (fo=26, routed)          0.660     4.779    led_blinking_unit/counter[0]_i_1_n_0
    SLICE_X43Y41         FDRE                                         r  led_blinking_unit/counter_reg[13]/R
  -------------------------------------------------------------------    -------------------

                         (clock sys_clk_pin rise edge)
                                                      0.000     0.000 r  
    K17                                               0.000     0.000 r  sys_clk (IN)
                         net (fo=0)                   0.000     0.000    sys_clk
    K17                  IBUF (Prop_ibuf_I_O)         1.421     1.421 r  sys_clk_IBUF_inst/O
                         net (fo=1, routed)           1.880     3.301    sys_clk_IBUF
    BUFGCTRL_X0Y16       BUFG (Prop_bufg_I_O)         0.091     3.392 r  sys_clk_IBUF_BUFG_inst/O
                         net (fo=27, routed)          1.578     4.970    led_blinking_unit/sys_clk
    SLICE_X43Y41         FDRE                                         r  led_blinking_unit/counter_reg[13]/C

Slack:                    inf
  Source:                 rst
                            (input port)
  Destination:            led_blinking_unit/counter_reg[14]/R
                            (rising edge-triggered cell FDRE clocked by sys_clk_pin  {rise@0.000ns fall@4.000ns period=8.000ns})
  Path Group:             (none)
  Path Type:              Setup (Max at Slow Process Corner)
  Data Path Delay:        4.779ns  (logic 1.613ns (33.748%)  route 3.166ns (66.252%))
  Logic Levels:           2  (IBUF=1 LUT5=1)
  Clock Path Skew:        4.970ns (DCD - SCD + CPR)
    Destination Clock Delay (DCD):    4.970ns
    Source Clock Delay      (SCD):    0.000ns
    Clock Pessimism Removal (CPR):    0.000ns
  Clock Uncertainty:      0.025ns  ((TSJ^2 + TIJ^2)^1/2 + DJ) / 2 + PE
    Total System Jitter     (TSJ):    0.050ns
    Total Input Jitter      (TIJ):    0.000ns
    Discrete Jitter          (DJ):    0.000ns
    Phase Error              (PE):    0.000ns

    Location             Delay type                Incr(ns)  Path(ns)    Netlist Resource(s)
  -------------------------------------------------------------------    -------------------
    K18                                               0.000     0.000 r  rst (IN)
                         net (fo=0)                   0.000     0.000    rst
    K18                  IBUF (Prop_ibuf_I_O)         1.489     1.489 r  rst_IBUF_inst/O
                         net (fo=2, routed)           2.507     3.995    led_blinking_unit/rst_IBUF
    SLICE_X42Y41         LUT5 (Prop_lut5_I3_O)        0.124     4.119 r  led_blinking_unit/counter[0]_i_1/O
                         net (fo=26, routed)          0.660     4.779    led_blinking_unit/counter[0]_i_1_n_0
    SLICE_X43Y41         FDRE                                         r  led_blinking_unit/counter_reg[14]/R
  -------------------------------------------------------------------    -------------------

                         (clock sys_clk_pin rise edge)
                                                      0.000     0.000 r  
    K17                                               0.000     0.000 r  sys_clk (IN)
                         net (fo=0)                   0.000     0.000    sys_clk
    K17                  IBUF (Prop_ibuf_I_O)         1.421     1.421 r  sys_clk_IBUF_inst/O
                         net (fo=1, routed)           1.880     3.301    sys_clk_IBUF
    BUFGCTRL_X0Y16       BUFG (Prop_bufg_I_O)         0.091     3.392 r  sys_clk_IBUF_BUFG_inst/O
                         net (fo=27, routed)          1.578     4.970    led_blinking_unit/sys_clk
    SLICE_X43Y41         FDRE                                         r  led_blinking_unit/counter_reg[14]/C

Slack:                    inf
  Source:                 rst
                            (input port)
  Destination:            led_blinking_unit/counter_reg[15]/R
                            (rising edge-triggered cell FDRE clocked by sys_clk_pin  {rise@0.000ns fall@4.000ns period=8.000ns})
  Path Group:             (none)
  Path Type:              Setup (Max at Slow Process Corner)
  Data Path Delay:        4.779ns  (logic 1.613ns (33.748%)  route 3.166ns (66.252%))
  Logic Levels:           2  (IBUF=1 LUT5=1)
  Clock Path Skew:        4.970ns (DCD - SCD + CPR)
    Destination Clock Delay (DCD):    4.970ns
    Source Clock Delay      (SCD):    0.000ns
    Clock Pessimism Removal (CPR):    0.000ns
  Clock Uncertainty:      0.025ns  ((TSJ^2 + TIJ^2)^1/2 + DJ) / 2 + PE
    Total System Jitter     (TSJ):    0.050ns
    Total Input Jitter      (TIJ):    0.000ns
    Discrete Jitter          (DJ):    0.000ns
    Phase Error              (PE):    0.000ns

    Location             Delay type                Incr(ns)  Path(ns)    Netlist Resource(s)
  -------------------------------------------------------------------    -------------------
    K18                                               0.000     0.000 r  rst (IN)
                         net (fo=0)                   0.000     0.000    rst
    K18                  IBUF (Prop_ibuf_I_O)         1.489     1.489 r  rst_IBUF_inst/O
                         net (fo=2, routed)           2.507     3.995    led_blinking_unit/rst_IBUF
    SLICE_X42Y41         LUT5 (Prop_lut5_I3_O)        0.124     4.119 r  led_blinking_unit/counter[0]_i_1/O
                         net (fo=26, routed)          0.660     4.779    led_blinking_unit/counter[0]_i_1_n_0
    SLICE_X43Y41         FDRE                                         r  led_blinking_unit/counter_reg[15]/R
  -------------------------------------------------------------------    -------------------

                         (clock sys_clk_pin rise edge)
                                                      0.000     0.000 r  
    K17                                               0.000     0.000 r  sys_clk (IN)
                         net (fo=0)                   0.000     0.000    sys_clk
    K17                  IBUF (Prop_ibuf_I_O)         1.421     1.421 r  sys_clk_IBUF_inst/O
                         net (fo=1, routed)           1.880     3.301    sys_clk_IBUF
    BUFGCTRL_X0Y16       BUFG (Prop_bufg_I_O)         0.091     3.392 r  sys_clk_IBUF_BUFG_inst/O
                         net (fo=27, routed)          1.578     4.970    led_blinking_unit/sys_clk
    SLICE_X43Y41         FDRE                                         r  led_blinking_unit/counter_reg[15]/C

Slack:                    inf
  Source:                 rst
                            (input port)
  Destination:            led_blinking_unit/counter_reg[0]/R
                            (rising edge-triggered cell FDRE clocked by sys_clk_pin  {rise@0.000ns fall@4.000ns period=8.000ns})
  Path Group:             (none)
  Path Type:              Setup (Max at Slow Process Corner)
  Data Path Delay:        4.772ns  (logic 1.613ns (33.799%)  route 3.159ns (66.201%))
  Logic Levels:           2  (IBUF=1 LUT5=1)
  Clock Path Skew:        4.969ns (DCD - SCD + CPR)
    Destination Clock Delay (DCD):    4.969ns
    Source Clock Delay      (SCD):    0.000ns
    Clock Pessimism Removal (CPR):    0.000ns
  Clock Uncertainty:      0.025ns  ((TSJ^2 + TIJ^2)^1/2 + DJ) / 2 + PE
    Total System Jitter     (TSJ):    0.050ns
    Total Input Jitter      (TIJ):    0.000ns
    Discrete Jitter          (DJ):    0.000ns
    Phase Error              (PE):    0.000ns

    Location             Delay type                Incr(ns)  Path(ns)    Netlist Resource(s)
  -------------------------------------------------------------------    -------------------
    K18                                               0.000     0.000 r  rst (IN)
                         net (fo=0)                   0.000     0.000    rst
    K18                  IBUF (Prop_ibuf_I_O)         1.489     1.489 r  rst_IBUF_inst/O
                         net (fo=2, routed)           2.507     3.995    led_blinking_unit/rst_IBUF
    SLICE_X42Y41         LUT5 (Prop_lut5_I3_O)        0.124     4.119 r  led_blinking_unit/counter[0]_i_1/O
                         net (fo=26, routed)          0.653     4.772    led_blinking_unit/counter[0]_i_1_n_0
    SLICE_X43Y38         FDRE                                         r  led_blinking_unit/counter_reg[0]/R
  -------------------------------------------------------------------    -------------------

                         (clock sys_clk_pin rise edge)
                                                      0.000     0.000 r  
    K17                                               0.000     0.000 r  sys_clk (IN)
                         net (fo=0)                   0.000     0.000    sys_clk
    K17                  IBUF (Prop_ibuf_I_O)         1.421     1.421 r  sys_clk_IBUF_inst/O
                         net (fo=1, routed)           1.880     3.301    sys_clk_IBUF
    BUFGCTRL_X0Y16       BUFG (Prop_bufg_I_O)         0.091     3.392 r  sys_clk_IBUF_BUFG_inst/O
                         net (fo=27, routed)          1.576     4.969    led_blinking_unit/sys_clk
    SLICE_X43Y38         FDRE                                         r  led_blinking_unit/counter_reg[0]/C

Slack:                    inf
  Source:                 rst
                            (input port)
  Destination:            led_blinking_unit/counter_reg[1]/R
                            (rising edge-triggered cell FDRE clocked by sys_clk_pin  {rise@0.000ns fall@4.000ns period=8.000ns})
  Path Group:             (none)
  Path Type:              Setup (Max at Slow Process Corner)
  Data Path Delay:        4.772ns  (logic 1.613ns (33.799%)  route 3.159ns (66.201%))
  Logic Levels:           2  (IBUF=1 LUT5=1)
  Clock Path Skew:        4.969ns (DCD - SCD + CPR)
    Destination Clock Delay (DCD):    4.969ns
    Source Clock Delay      (SCD):    0.000ns
    Clock Pessimism Removal (CPR):    0.000ns
  Clock Uncertainty:      0.025ns  ((TSJ^2 + TIJ^2)^1/2 + DJ) / 2 + PE
    Total System Jitter     (TSJ):    0.050ns
    Total Input Jitter      (TIJ):    0.000ns
    Discrete Jitter          (DJ):    0.000ns
    Phase Error              (PE):    0.000ns

    Location             Delay type                Incr(ns)  Path(ns)    Netlist Resource(s)
  -------------------------------------------------------------------    -------------------
    K18                                               0.000     0.000 r  rst (IN)
                         net (fo=0)                   0.000     0.000    rst
    K18                  IBUF (Prop_ibuf_I_O)         1.489     1.489 r  rst_IBUF_inst/O
                         net (fo=2, routed)           2.507     3.995    led_blinking_unit/rst_IBUF
    SLICE_X42Y41         LUT5 (Prop_lut5_I3_O)        0.124     4.119 r  led_blinking_unit/counter[0]_i_1/O
                         net (fo=26, routed)          0.653     4.772    led_blinking_unit/counter[0]_i_1_n_0
    SLICE_X43Y38         FDRE                                         r  led_blinking_unit/counter_reg[1]/R
  -------------------------------------------------------------------    -------------------

                         (clock sys_clk_pin rise edge)
                                                      0.000     0.000 r  
    K17                                               0.000     0.000 r  sys_clk (IN)
                         net (fo=0)                   0.000     0.000    sys_clk
    K17                  IBUF (Prop_ibuf_I_O)         1.421     1.421 r  sys_clk_IBUF_inst/O
                         net (fo=1, routed)           1.880     3.301    sys_clk_IBUF
    BUFGCTRL_X0Y16       BUFG (Prop_bufg_I_O)         0.091     3.392 r  sys_clk_IBUF_BUFG_inst/O
                         net (fo=27, routed)          1.576     4.969    led_blinking_unit/sys_clk
    SLICE_X43Y38         FDRE                                         r  led_blinking_unit/counter_reg[1]/C

Slack:                    inf
  Source:                 rst
                            (input port)
  Destination:            led_blinking_unit/counter_reg[2]/R
                            (rising edge-triggered cell FDRE clocked by sys_clk_pin  {rise@0.000ns fall@4.000ns period=8.000ns})
  Path Group:             (none)
  Path Type:              Setup (Max at Slow Process Corner)
  Data Path Delay:        4.772ns  (logic 1.613ns (33.799%)  route 3.159ns (66.201%))
  Logic Levels:           2  (IBUF=1 LUT5=1)
  Clock Path Skew:        4.969ns (DCD - SCD + CPR)
    Destination Clock Delay (DCD):    4.969ns
    Source Clock Delay      (SCD):    0.000ns
    Clock Pessimism Removal (CPR):    0.000ns
  Clock Uncertainty:      0.025ns  ((TSJ^2 + TIJ^2)^1/2 + DJ) / 2 + PE
    Total System Jitter     (TSJ):    0.050ns
    Total Input Jitter      (TIJ):    0.000ns
    Discrete Jitter          (DJ):    0.000ns
    Phase Error              (PE):    0.000ns

    Location             Delay type                Incr(ns)  Path(ns)    Netlist Resource(s)
  -------------------------------------------------------------------    -------------------
    K18                                               0.000     0.000 r  rst (IN)
                         net (fo=0)                   0.000     0.000    rst
    K18                  IBUF (Prop_ibuf_I_O)         1.489     1.489 r  rst_IBUF_inst/O
                         net (fo=2, routed)           2.507     3.995    led_blinking_unit/rst_IBUF
    SLICE_X42Y41         LUT5 (Prop_lut5_I3_O)        0.124     4.119 r  led_blinking_unit/counter[0]_i_1/O
                         net (fo=26, routed)          0.653     4.772    led_blinking_unit/counter[0]_i_1_n_0
    SLICE_X43Y38         FDRE                                         r  led_blinking_unit/counter_reg[2]/R
  -------------------------------------------------------------------    -------------------

                         (clock sys_clk_pin rise edge)
                                                      0.000     0.000 r  
    K17                                               0.000     0.000 r  sys_clk (IN)
                         net (fo=0)                   0.000     0.000    sys_clk
    K17                  IBUF (Prop_ibuf_I_O)         1.421     1.421 r  sys_clk_IBUF_inst/O
                         net (fo=1, routed)           1.880     3.301    sys_clk_IBUF
    BUFGCTRL_X0Y16       BUFG (Prop_bufg_I_O)         0.091     3.392 r  sys_clk_IBUF_BUFG_inst/O
                         net (fo=27, routed)          1.576     4.969    led_blinking_unit/sys_clk
    SLICE_X43Y38         FDRE                                         r  led_blinking_unit/counter_reg[2]/C

Slack:                    inf
  Source:                 rst
                            (input port)
  Destination:            led_blinking_unit/counter_reg[3]/R
                            (rising edge-triggered cell FDRE clocked by sys_clk_pin  {rise@0.000ns fall@4.000ns period=8.000ns})
  Path Group:             (none)
  Path Type:              Setup (Max at Slow Process Corner)
  Data Path Delay:        4.772ns  (logic 1.613ns (33.799%)  route 3.159ns (66.201%))
  Logic Levels:           2  (IBUF=1 LUT5=1)
  Clock Path Skew:        4.969ns (DCD - SCD + CPR)
    Destination Clock Delay (DCD):    4.969ns
    Source Clock Delay      (SCD):    0.000ns
    Clock Pessimism Removal (CPR):    0.000ns
  Clock Uncertainty:      0.025ns  ((TSJ^2 + TIJ^2)^1/2 + DJ) / 2 + PE
    Total System Jitter     (TSJ):    0.050ns
    Total Input Jitter      (TIJ):    0.000ns
    Discrete Jitter          (DJ):    0.000ns
    Phase Error              (PE):    0.000ns

    Location             Delay type                Incr(ns)  Path(ns)    Netlist Resource(s)
  -------------------------------------------------------------------    -------------------
    K18                                               0.000     0.000 r  rst (IN)
                         net (fo=0)                   0.000     0.000    rst
    K18                  IBUF (Prop_ibuf_I_O)         1.489     1.489 r  rst_IBUF_inst/O
                         net (fo=2, routed)           2.507     3.995    led_blinking_unit/rst_IBUF
    SLICE_X42Y41         LUT5 (Prop_lut5_I3_O)        0.124     4.119 r  led_blinking_unit/counter[0]_i_1/O
                         net (fo=26, routed)          0.653     4.772    led_blinking_unit/counter[0]_i_1_n_0
    SLICE_X43Y38         FDRE                                         r  led_blinking_unit/counter_reg[3]/R
  -------------------------------------------------------------------    -------------------

                         (clock sys_clk_pin rise edge)
                                                      0.000     0.000 r  
    K17                                               0.000     0.000 r  sys_clk (IN)
                         net (fo=0)                   0.000     0.000    sys_clk
    K17                  IBUF (Prop_ibuf_I_O)         1.421     1.421 r  sys_clk_IBUF_inst/O
                         net (fo=1, routed)           1.880     3.301    sys_clk_IBUF
    BUFGCTRL_X0Y16       BUFG (Prop_bufg_I_O)         0.091     3.392 r  sys_clk_IBUF_BUFG_inst/O
                         net (fo=27, routed)          1.576     4.969    led_blinking_unit/sys_clk
    SLICE_X43Y38         FDRE                                         r  led_blinking_unit/counter_reg[3]/C

Slack:                    inf
  Source:                 rst
                            (input port)
  Destination:            led_blinking_unit/counter_reg[24]/R
                            (rising edge-triggered cell FDRE clocked by sys_clk_pin  {rise@0.000ns fall@4.000ns period=8.000ns})
  Path Group:             (none)
  Path Type:              Setup (Max at Slow Process Corner)
  Data Path Delay:        4.767ns  (logic 1.613ns (33.832%)  route 3.154ns (66.168%))
  Logic Levels:           2  (IBUF=1 LUT5=1)
  Clock Path Skew:        4.971ns (DCD - SCD + CPR)
    Destination Clock Delay (DCD):    4.971ns
    Source Clock Delay      (SCD):    0.000ns
    Clock Pessimism Removal (CPR):    0.000ns
  Clock Uncertainty:      0.025ns  ((TSJ^2 + TIJ^2)^1/2 + DJ) / 2 + PE
    Total System Jitter     (TSJ):    0.050ns
    Total Input Jitter      (TIJ):    0.000ns
    Discrete Jitter          (DJ):    0.000ns
    Phase Error              (PE):    0.000ns

    Location             Delay type                Incr(ns)  Path(ns)    Netlist Resource(s)
  -------------------------------------------------------------------    -------------------
    K18                                               0.000     0.000 r  rst (IN)
                         net (fo=0)                   0.000     0.000    rst
    K18                  IBUF (Prop_ibuf_I_O)         1.489     1.489 r  rst_IBUF_inst/O
                         net (fo=2, routed)           2.507     3.995    led_blinking_unit/rst_IBUF
    SLICE_X42Y41         LUT5 (Prop_lut5_I3_O)        0.124     4.119 r  led_blinking_unit/counter[0]_i_1/O
                         net (fo=26, routed)          0.648     4.767    led_blinking_unit/counter[0]_i_1_n_0
    SLICE_X43Y44         FDRE                                         r  led_blinking_unit/counter_reg[24]/R
  -------------------------------------------------------------------    -------------------

                         (clock sys_clk_pin rise edge)
                                                      0.000     0.000 r  
    K17                                               0.000     0.000 r  sys_clk (IN)
                         net (fo=0)                   0.000     0.000    sys_clk
    K17                  IBUF (Prop_ibuf_I_O)         1.421     1.421 r  sys_clk_IBUF_inst/O
                         net (fo=1, routed)           1.880     3.301    sys_clk_IBUF
    BUFGCTRL_X0Y16       BUFG (Prop_bufg_I_O)         0.091     3.392 r  sys_clk_IBUF_BUFG_inst/O
                         net (fo=27, routed)          1.579     4.971    led_blinking_unit/sys_clk
    SLICE_X43Y44         FDRE                                         r  led_blinking_unit/counter_reg[24]/C

Slack:                    inf
  Source:                 rst
                            (input port)
  Destination:            led_blinking_unit/counter_reg[25]/R
                            (rising edge-triggered cell FDRE clocked by sys_clk_pin  {rise@0.000ns fall@4.000ns period=8.000ns})
  Path Group:             (none)
  Path Type:              Setup (Max at Slow Process Corner)
  Data Path Delay:        4.767ns  (logic 1.613ns (33.832%)  route 3.154ns (66.168%))
  Logic Levels:           2  (IBUF=1 LUT5=1)
  Clock Path Skew:        4.971ns (DCD - SCD + CPR)
    Destination Clock Delay (DCD):    4.971ns
    Source Clock Delay      (SCD):    0.000ns
    Clock Pessimism Removal (CPR):    0.000ns
  Clock Uncertainty:      0.025ns  ((TSJ^2 + TIJ^2)^1/2 + DJ) / 2 + PE
    Total System Jitter     (TSJ):    0.050ns
    Total Input Jitter      (TIJ):    0.000ns
    Discrete Jitter          (DJ):    0.000ns
    Phase Error              (PE):    0.000ns

    Location             Delay type                Incr(ns)  Path(ns)    Netlist Resource(s)
  -------------------------------------------------------------------    -------------------
    K18                                               0.000     0.000 r  rst (IN)
                         net (fo=0)                   0.000     0.000    rst
    K18                  IBUF (Prop_ibuf_I_O)         1.489     1.489 r  rst_IBUF_inst/O
                         net (fo=2, routed)           2.507     3.995    led_blinking_unit/rst_IBUF
    SLICE_X42Y41         LUT5 (Prop_lut5_I3_O)        0.124     4.119 r  led_blinking_unit/counter[0]_i_1/O
                         net (fo=26, routed)          0.648     4.767    led_blinking_unit/counter[0]_i_1_n_0
    SLICE_X43Y44         FDRE                                         r  led_blinking_unit/counter_reg[25]/R
  -------------------------------------------------------------------    -------------------

                         (clock sys_clk_pin rise edge)
                                                      0.000     0.000 r  
    K17                                               0.000     0.000 r  sys_clk (IN)
                         net (fo=0)                   0.000     0.000    sys_clk
    K17                  IBUF (Prop_ibuf_I_O)         1.421     1.421 r  sys_clk_IBUF_inst/O
                         net (fo=1, routed)           1.880     3.301    sys_clk_IBUF
    BUFGCTRL_X0Y16       BUFG (Prop_bufg_I_O)         0.091     3.392 r  sys_clk_IBUF_BUFG_inst/O
                         net (fo=27, routed)          1.579     4.971    led_blinking_unit/sys_clk
    SLICE_X43Y44         FDRE                                         r  led_blinking_unit/counter_reg[25]/C





Min Delay Paths
--------------------------------------------------------------------------------------
Slack:                    inf
  Source:                 sw[2]
                            (input port)
  Destination:            led_blinking_unit/led_toggle_reg/D
                            (rising edge-triggered cell FDRE clocked by sys_clk_pin  {rise@0.000ns fall@4.000ns period=8.000ns})
  Path Group:             (none)
  Path Type:              Hold (Min at Fast Process Corner)
  Data Path Delay:        0.901ns  (logic 0.341ns (37.789%)  route 0.561ns (62.211%))
  Logic Levels:           2  (IBUF=1 LUT6=1)
  Clock Path Skew:        2.021ns (DCD - SCD - CPR)
    Destination Clock Delay (DCD):    2.021ns
    Source Clock Delay      (SCD):    0.000ns
    Clock Pessimism Removal (CPR):    -0.000ns

    Location             Delay type                Incr(ns)  Path(ns)    Netlist Resource(s)
  -------------------------------------------------------------------    -------------------
    T16                                               0.000     0.000 r  sw[2] (IN)
                         net (fo=0)                   0.000     0.000    sw[2]
    T16                  IBUF (Prop_ibuf_I_O)         0.296     0.296 r  sw_IBUF[2]_inst/O
                         net (fo=5, routed)           0.561     0.856    led_blinking_unit/sw_IBUF[2]
    SLICE_X42Y41         LUT6 (Prop_lut6_I4_O)        0.045     0.901 r  led_blinking_unit/led_toggle_i_1/O
                         net (fo=1, routed)           0.000     0.901    led_blinking_unit/led_toggle_i_1_n_0
    SLICE_X42Y41         FDRE                                         r  led_blinking_unit/led_toggle_reg/D
  -------------------------------------------------------------------    -------------------

                         (clock sys_clk_pin rise edge)
                                                      0.000     0.000 r  
    K17                                               0.000     0.000 r  sys_clk (IN)
                         net (fo=0)                   0.000     0.000    sys_clk
    K17                  IBUF (Prop_ibuf_I_O)         0.447     0.447 r  sys_clk_IBUF_inst/O
                         net (fo=1, routed)           0.683     1.130    sys_clk_IBUF
    BUFGCTRL_X0Y16       BUFG (Prop_bufg_I_O)         0.029     1.159 r  sys_clk_IBUF_BUFG_inst/O
                         net (fo=27, routed)          0.862     2.021    led_blinking_unit/sys_clk
    SLICE_X42Y41         FDRE                                         r  led_blinking_unit/led_toggle_reg/C

Slack:                    inf
  Source:                 sw[1]
                            (input port)
  Destination:            led_blinking_unit/counter_reg[16]/R
                            (rising edge-triggered cell FDRE clocked by sys_clk_pin  {rise@0.000ns fall@4.000ns period=8.000ns})
  Path Group:             (none)
  Path Type:              Hold (Min at Fast Process Corner)
  Data Path Delay:        1.028ns  (logic 0.351ns (34.196%)  route 0.676ns (65.804%))
  Logic Levels:           2  (IBUF=1 LUT5=1)
  Clock Path Skew:        2.021ns (DCD - SCD - CPR)
    Destination Clock Delay (DCD):    2.021ns
    Source Clock Delay      (SCD):    0.000ns
    Clock Pessimism Removal (CPR):    -0.000ns

    Location             Delay type                Incr(ns)  Path(ns)    Netlist Resource(s)
  -------------------------------------------------------------------    -------------------
    W13                                               0.000     0.000 r  sw[1] (IN)
                         net (fo=0)                   0.000     0.000    sw[1]
    W13                  IBUF (Prop_ibuf_I_O)         0.306     0.306 r  sw_IBUF[1]_inst/O
                         net (fo=5, routed)           0.539     0.845    led_blinking_unit/sw_IBUF[1]
    SLICE_X42Y41         LUT5 (Prop_lut5_I0_O)        0.045     0.890 r  led_blinking_unit/counter[0]_i_1/O
                         net (fo=26, routed)          0.137     1.028    led_blinking_unit/counter[0]_i_1_n_0
    SLICE_X43Y42         FDRE                                         r  led_blinking_unit/counter_reg[16]/R
  -------------------------------------------------------------------    -------------------

                         (clock sys_clk_pin rise edge)
                                                      0.000     0.000 r  
    K17                                               0.000     0.000 r  sys_clk (IN)
                         net (fo=0)                   0.000     0.000    sys_clk
    K17                  IBUF (Prop_ibuf_I_O)         0.447     0.447 r  sys_clk_IBUF_inst/O
                         net (fo=1, routed)           0.683     1.130    sys_clk_IBUF
    BUFGCTRL_X0Y16       BUFG (Prop_bufg_I_O)         0.029     1.159 r  sys_clk_IBUF_BUFG_inst/O
                         net (fo=27, routed)          0.862     2.021    led_blinking_unit/sys_clk
    SLICE_X43Y42         FDRE                                         r  led_blinking_unit/counter_reg[16]/C

Slack:                    inf
  Source:                 sw[1]
                            (input port)
  Destination:            led_blinking_unit/counter_reg[17]/R
                            (rising edge-triggered cell FDRE clocked by sys_clk_pin  {rise@0.000ns fall@4.000ns period=8.000ns})
  Path Group:             (none)
  Path Type:              Hold (Min at Fast Process Corner)
  Data Path Delay:        1.028ns  (logic 0.351ns (34.196%)  route 0.676ns (65.804%))
  Logic Levels:           2  (IBUF=1 LUT5=1)
  Clock Path Skew:        2.021ns (DCD - SCD - CPR)
    Destination Clock Delay (DCD):    2.021ns
    Source Clock Delay      (SCD):    0.000ns
    Clock Pessimism Removal (CPR):    -0.000ns

    Location             Delay type                Incr(ns)  Path(ns)    Netlist Resource(s)
  -------------------------------------------------------------------    -------------------
    W13                                               0.000     0.000 r  sw[1] (IN)
                         net (fo=0)                   0.000     0.000    sw[1]
    W13                  IBUF (Prop_ibuf_I_O)         0.306     0.306 r  sw_IBUF[1]_inst/O
                         net (fo=5, routed)           0.539     0.845    led_blinking_unit/sw_IBUF[1]
    SLICE_X42Y41         LUT5 (Prop_lut5_I0_O)        0.045     0.890 r  led_blinking_unit/counter[0]_i_1/O
                         net (fo=26, routed)          0.137     1.028    led_blinking_unit/counter[0]_i_1_n_0
    SLICE_X43Y42         FDRE                                         r  led_blinking_unit/counter_reg[17]/R
  -------------------------------------------------------------------    -------------------

                         (clock sys_clk_pin rise edge)
                                                      0.000     0.000 r  
    K17                                               0.000     0.000 r  sys_clk (IN)
                         net (fo=0)                   0.000     0.000    sys_clk
    K17                  IBUF (Prop_ibuf_I_O)         0.447     0.447 r  sys_clk_IBUF_inst/O
                         net (fo=1, routed)           0.683     1.130    sys_clk_IBUF
    BUFGCTRL_X0Y16       BUFG (Prop_bufg_I_O)         0.029     1.159 r  sys_clk_IBUF_BUFG_inst/O
                         net (fo=27, routed)          0.862     2.021    led_blinking_unit/sys_clk
    SLICE_X43Y42         FDRE                                         r  led_blinking_unit/counter_reg[17]/C

Slack:                    inf
  Source:                 sw[1]
                            (input port)
  Destination:            led_blinking_unit/counter_reg[18]/R
                            (rising edge-triggered cell FDRE clocked by sys_clk_pin  {rise@0.000ns fall@4.000ns period=8.000ns})
  Path Group:             (none)
  Path Type:              Hold (Min at Fast Process Corner)
  Data Path Delay:        1.028ns  (logic 0.351ns (34.196%)  route 0.676ns (65.804%))
  Logic Levels:           2  (IBUF=1 LUT5=1)
  Clock Path Skew:        2.021ns (DCD - SCD - CPR)
    Destination Clock Delay (DCD):    2.021ns
    Source Clock Delay      (SCD):    0.000ns
    Clock Pessimism Removal (CPR):    -0.000ns

    Location             Delay type                Incr(ns)  Path(ns)    Netlist Resource(s)
  -------------------------------------------------------------------    -------------------
    W13                                               0.000     0.000 r  sw[1] (IN)
                         net (fo=0)                   0.000     0.000    sw[1]
    W13                  IBUF (Prop_ibuf_I_O)         0.306     0.306 r  sw_IBUF[1]_inst/O
                         net (fo=5, routed)           0.539     0.845    led_blinking_unit/sw_IBUF[1]
    SLICE_X42Y41         LUT5 (Prop_lut5_I0_O)        0.045     0.890 r  led_blinking_unit/counter[0]_i_1/O
                         net (fo=26, routed)          0.137     1.028    led_blinking_unit/counter[0]_i_1_n_0
    SLICE_X43Y42         FDRE                                         r  led_blinking_unit/counter_reg[18]/R
  -------------------------------------------------------------------    -------------------

                         (clock sys_clk_pin rise edge)
                                                      0.000     0.000 r  
    K17                                               0.000     0.000 r  sys_clk (IN)
                         net (fo=0)                   0.000     0.000    sys_clk
    K17                  IBUF (Prop_ibuf_I_O)         0.447     0.447 r  sys_clk_IBUF_inst/O
                         net (fo=1, routed)           0.683     1.130    sys_clk_IBUF
    BUFGCTRL_X0Y16       BUFG (Prop_bufg_I_O)         0.029     1.159 r  sys_clk_IBUF_BUFG_inst/O
                         net (fo=27, routed)          0.862     2.021    led_blinking_unit/sys_clk
    SLICE_X43Y42         FDRE                                         r  led_blinking_unit/counter_reg[18]/C

Slack:                    inf
  Source:                 sw[1]
                            (input port)
  Destination:            led_blinking_unit/counter_reg[19]/R
                            (rising edge-triggered cell FDRE clocked by sys_clk_pin  {rise@0.000ns fall@4.000ns period=8.000ns})
  Path Group:             (none)
  Path Type:              Hold (Min at Fast Process Corner)
  Data Path Delay:        1.028ns  (logic 0.351ns (34.196%)  route 0.676ns (65.804%))
  Logic Levels:           2  (IBUF=1 LUT5=1)
  Clock Path Skew:        2.021ns (DCD - SCD - CPR)
    Destination Clock Delay (DCD):    2.021ns
    Source Clock Delay      (SCD):    0.000ns
    Clock Pessimism Removal (CPR):    -0.000ns

    Location             Delay type                Incr(ns)  Path(ns)    Netlist Resource(s)
  -------------------------------------------------------------------    -------------------
    W13                                               0.000     0.000 r  sw[1] (IN)
                         net (fo=0)                   0.000     0.000    sw[1]
    W13                  IBUF (Prop_ibuf_I_O)         0.306     0.306 r  sw_IBUF[1]_inst/O
                         net (fo=5, routed)           0.539     0.845    led_blinking_unit/sw_IBUF[1]
    SLICE_X42Y41         LUT5 (Prop_lut5_I0_O)        0.045     0.890 r  led_blinking_unit/counter[0]_i_1/O
                         net (fo=26, routed)          0.137     1.028    led_blinking_unit/counter[0]_i_1_n_0
    SLICE_X43Y42         FDRE                                         r  led_blinking_unit/counter_reg[19]/R
  -------------------------------------------------------------------    -------------------

                         (clock sys_clk_pin rise edge)
                                                      0.000     0.000 r  
    K17                                               0.000     0.000 r  sys_clk (IN)
                         net (fo=0)                   0.000     0.000    sys_clk
    K17                  IBUF (Prop_ibuf_I_O)         0.447     0.447 r  sys_clk_IBUF_inst/O
                         net (fo=1, routed)           0.683     1.130    sys_clk_IBUF
    BUFGCTRL_X0Y16       BUFG (Prop_bufg_I_O)         0.029     1.159 r  sys_clk_IBUF_BUFG_inst/O
                         net (fo=27, routed)          0.862     2.021    led_blinking_unit/sys_clk
    SLICE_X43Y42         FDRE                                         r  led_blinking_unit/counter_reg[19]/C

Slack:                    inf
  Source:                 sw[1]
                            (input port)
  Destination:            led_blinking_unit/counter_reg[20]/R
                            (rising edge-triggered cell FDRE clocked by sys_clk_pin  {rise@0.000ns fall@4.000ns period=8.000ns})
  Path Group:             (none)
  Path Type:              Hold (Min at Fast Process Corner)
  Data Path Delay:        1.091ns  (logic 0.351ns (32.212%)  route 0.740ns (67.788%))
  Logic Levels:           2  (IBUF=1 LUT5=1)
  Clock Path Skew:        2.022ns (DCD - SCD - CPR)
    Destination Clock Delay (DCD):    2.022ns
    Source Clock Delay      (SCD):    0.000ns
    Clock Pessimism Removal (CPR):    -0.000ns

    Location             Delay type                Incr(ns)  Path(ns)    Netlist Resource(s)
  -------------------------------------------------------------------    -------------------
    W13                                               0.000     0.000 r  sw[1] (IN)
                         net (fo=0)                   0.000     0.000    sw[1]
    W13                  IBUF (Prop_ibuf_I_O)         0.306     0.306 r  sw_IBUF[1]_inst/O
                         net (fo=5, routed)           0.539     0.845    led_blinking_unit/sw_IBUF[1]
    SLICE_X42Y41         LUT5 (Prop_lut5_I0_O)        0.045     0.890 r  led_blinking_unit/counter[0]_i_1/O
                         net (fo=26, routed)          0.200     1.091    led_blinking_unit/counter[0]_i_1_n_0
    SLICE_X43Y43         FDRE                                         r  led_blinking_unit/counter_reg[20]/R
  -------------------------------------------------------------------    -------------------

                         (clock sys_clk_pin rise edge)
                                                      0.000     0.000 r  
    K17                                               0.000     0.000 r  sys_clk (IN)
                         net (fo=0)                   0.000     0.000    sys_clk
    K17                  IBUF (Prop_ibuf_I_O)         0.447     0.447 r  sys_clk_IBUF_inst/O
                         net (fo=1, routed)           0.683     1.130    sys_clk_IBUF
    BUFGCTRL_X0Y16       BUFG (Prop_bufg_I_O)         0.029     1.159 r  sys_clk_IBUF_BUFG_inst/O
                         net (fo=27, routed)          0.863     2.022    led_blinking_unit/sys_clk
    SLICE_X43Y43         FDRE                                         r  led_blinking_unit/counter_reg[20]/C

Slack:                    inf
  Source:                 sw[1]
                            (input port)
  Destination:            led_blinking_unit/counter_reg[21]/R
                            (rising edge-triggered cell FDRE clocked by sys_clk_pin  {rise@0.000ns fall@4.000ns period=8.000ns})
  Path Group:             (none)
  Path Type:              Hold (Min at Fast Process Corner)
  Data Path Delay:        1.091ns  (logic 0.351ns (32.212%)  route 0.740ns (67.788%))
  Logic Levels:           2  (IBUF=1 LUT5=1)
  Clock Path Skew:        2.022ns (DCD - SCD - CPR)
    Destination Clock Delay (DCD):    2.022ns
    Source Clock Delay      (SCD):    0.000ns
    Clock Pessimism Removal (CPR):    -0.000ns

    Location             Delay type                Incr(ns)  Path(ns)    Netlist Resource(s)
  -------------------------------------------------------------------    -------------------
    W13                                               0.000     0.000 r  sw[1] (IN)
                         net (fo=0)                   0.000     0.000    sw[1]
    W13                  IBUF (Prop_ibuf_I_O)         0.306     0.306 r  sw_IBUF[1]_inst/O
                         net (fo=5, routed)           0.539     0.845    led_blinking_unit/sw_IBUF[1]
    SLICE_X42Y41         LUT5 (Prop_lut5_I0_O)        0.045     0.890 r  led_blinking_unit/counter[0]_i_1/O
                         net (fo=26, routed)          0.200     1.091    led_blinking_unit/counter[0]_i_1_n_0
    SLICE_X43Y43         FDRE                                         r  led_blinking_unit/counter_reg[21]/R
  -------------------------------------------------------------------    -------------------

                         (clock sys_clk_pin rise edge)
                                                      0.000     0.000 r  
    K17                                               0.000     0.000 r  sys_clk (IN)
                         net (fo=0)                   0.000     0.000    sys_clk
    K17                  IBUF (Prop_ibuf_I_O)         0.447     0.447 r  sys_clk_IBUF_inst/O
                         net (fo=1, routed)           0.683     1.130    sys_clk_IBUF
    BUFGCTRL_X0Y16       BUFG (Prop_bufg_I_O)         0.029     1.159 r  sys_clk_IBUF_BUFG_inst/O
                         net (fo=27, routed)          0.863     2.022    led_blinking_unit/sys_clk
    SLICE_X43Y43         FDRE                                         r  led_blinking_unit/counter_reg[21]/C

Slack:                    inf
  Source:                 sw[1]
                            (input port)
  Destination:            led_blinking_unit/counter_reg[22]/R
                            (rising edge-triggered cell FDRE clocked by sys_clk_pin  {rise@0.000ns fall@4.000ns period=8.000ns})
  Path Group:             (none)
  Path Type:              Hold (Min at Fast Process Corner)
  Data Path Delay:        1.091ns  (logic 0.351ns (32.212%)  route 0.740ns (67.788%))
  Logic Levels:           2  (IBUF=1 LUT5=1)
  Clock Path Skew:        2.022ns (DCD - SCD - CPR)
    Destination Clock Delay (DCD):    2.022ns
    Source Clock Delay      (SCD):    0.000ns
    Clock Pessimism Removal (CPR):    -0.000ns

    Location             Delay type                Incr(ns)  Path(ns)    Netlist Resource(s)
  -------------------------------------------------------------------    -------------------
    W13                                               0.000     0.000 r  sw[1] (IN)
                         net (fo=0)                   0.000     0.000    sw[1]
    W13                  IBUF (Prop_ibuf_I_O)         0.306     0.306 r  sw_IBUF[1]_inst/O
                         net (fo=5, routed)           0.539     0.845    led_blinking_unit/sw_IBUF[1]
    SLICE_X42Y41         LUT5 (Prop_lut5_I0_O)        0.045     0.890 r  led_blinking_unit/counter[0]_i_1/O
                         net (fo=26, routed)          0.200     1.091    led_blinking_unit/counter[0]_i_1_n_0
    SLICE_X43Y43         FDRE                                         r  led_blinking_unit/counter_reg[22]/R
  -------------------------------------------------------------------    -------------------

                         (clock sys_clk_pin rise edge)
                                                      0.000     0.000 r  
    K17                                               0.000     0.000 r  sys_clk (IN)
                         net (fo=0)                   0.000     0.000    sys_clk
    K17                  IBUF (Prop_ibuf_I_O)         0.447     0.447 r  sys_clk_IBUF_inst/O
                         net (fo=1, routed)           0.683     1.130    sys_clk_IBUF
    BUFGCTRL_X0Y16       BUFG (Prop_bufg_I_O)         0.029     1.159 r  sys_clk_IBUF_BUFG_inst/O
                         net (fo=27, routed)          0.863     2.022    led_blinking_unit/sys_clk
    SLICE_X43Y43         FDRE                                         r  led_blinking_unit/counter_reg[22]/C

Slack:                    inf
  Source:                 sw[1]
                            (input port)
  Destination:            led_blinking_unit/counter_reg[23]/R
                            (rising edge-triggered cell FDRE clocked by sys_clk_pin  {rise@0.000ns fall@4.000ns period=8.000ns})
  Path Group:             (none)
  Path Type:              Hold (Min at Fast Process Corner)
  Data Path Delay:        1.091ns  (logic 0.351ns (32.212%)  route 0.740ns (67.788%))
  Logic Levels:           2  (IBUF=1 LUT5=1)
  Clock Path Skew:        2.022ns (DCD - SCD - CPR)
    Destination Clock Delay (DCD):    2.022ns
    Source Clock Delay      (SCD):    0.000ns
    Clock Pessimism Removal (CPR):    -0.000ns

    Location             Delay type                Incr(ns)  Path(ns)    Netlist Resource(s)
  -------------------------------------------------------------------    -------------------
    W13                                               0.000     0.000 r  sw[1] (IN)
                         net (fo=0)                   0.000     0.000    sw[1]
    W13                  IBUF (Prop_ibuf_I_O)         0.306     0.306 r  sw_IBUF[1]_inst/O
                         net (fo=5, routed)           0.539     0.845    led_blinking_unit/sw_IBUF[1]
    SLICE_X42Y41         LUT5 (Prop_lut5_I0_O)        0.045     0.890 r  led_blinking_unit/counter[0]_i_1/O
                         net (fo=26, routed)          0.200     1.091    led_blinking_unit/counter[0]_i_1_n_0
    SLICE_X43Y43         FDRE                                         r  led_blinking_unit/counter_reg[23]/R
  -------------------------------------------------------------------    -------------------

                         (clock sys_clk_pin rise edge)
                                                      0.000     0.000 r  
    K17                                               0.000     0.000 r  sys_clk (IN)
                         net (fo=0)                   0.000     0.000    sys_clk
    K17                  IBUF (Prop_ibuf_I_O)         0.447     0.447 r  sys_clk_IBUF_inst/O
                         net (fo=1, routed)           0.683     1.130    sys_clk_IBUF
    BUFGCTRL_X0Y16       BUFG (Prop_bufg_I_O)         0.029     1.159 r  sys_clk_IBUF_BUFG_inst/O
                         net (fo=27, routed)          0.863     2.022    led_blinking_unit/sys_clk
    SLICE_X43Y43         FDRE                                         r  led_blinking_unit/counter_reg[23]/C

Slack:                    inf
  Source:                 sw[1]
                            (input port)
  Destination:            led_blinking_unit/counter_reg[4]/R
                            (rising edge-triggered cell FDRE clocked by sys_clk_pin  {rise@0.000ns fall@4.000ns period=8.000ns})
  Path Group:             (none)
  Path Type:              Hold (Min at Fast Process Corner)
  Data Path Delay:        1.101ns  (logic 0.351ns (31.917%)  route 0.750ns (68.083%))
  Logic Levels:           2  (IBUF=1 LUT5=1)
  Clock Path Skew:        2.020ns (DCD - SCD - CPR)
    Destination Clock Delay (DCD):    2.020ns
    Source Clock Delay      (SCD):    0.000ns
    Clock Pessimism Removal (CPR):    -0.000ns

    Location             Delay type                Incr(ns)  Path(ns)    Netlist Resource(s)
  -------------------------------------------------------------------    -------------------
    W13                                               0.000     0.000 r  sw[1] (IN)
                         net (fo=0)                   0.000     0.000    sw[1]
    W13                  IBUF (Prop_ibuf_I_O)         0.306     0.306 r  sw_IBUF[1]_inst/O
                         net (fo=5, routed)           0.539     0.845    led_blinking_unit/sw_IBUF[1]
    SLICE_X42Y41         LUT5 (Prop_lut5_I0_O)        0.045     0.890 r  led_blinking_unit/counter[0]_i_1/O
                         net (fo=26, routed)          0.211     1.101    led_blinking_unit/counter[0]_i_1_n_0
    SLICE_X43Y39         FDRE                                         r  led_blinking_unit/counter_reg[4]/R
  -------------------------------------------------------------------    -------------------

                         (clock sys_clk_pin rise edge)
                                                      0.000     0.000 r  
    K17                                               0.000     0.000 r  sys_clk (IN)
                         net (fo=0)                   0.000     0.000    sys_clk
    K17                  IBUF (Prop_ibuf_I_O)         0.447     0.447 r  sys_clk_IBUF_inst/O
                         net (fo=1, routed)           0.683     1.130    sys_clk_IBUF
    BUFGCTRL_X0Y16       BUFG (Prop_bufg_I_O)         0.029     1.159 r  sys_clk_IBUF_BUFG_inst/O
                         net (fo=27, routed)          0.861     2.020    led_blinking_unit/sys_clk
    SLICE_X43Y39         FDRE                                         r  led_blinking_unit/counter_reg[4]/C





